"../../../Engine/Plugins/2D/Paper2D/Content/PlaceholderTextures/DummySpriteTexture.ubulk" 0
"../../../Engine/Plugins/2D/Paper2D/Content/PlaceholderTextures/DummySpriteTexture.uasset" 1
"../../../Engine/Plugins/2D/Paper2D/Content/PlaceholderTextures/DummySpriteTexture.uexp" 2
"../../../Engine/Plugins/2D/Paper2D/Content/DummySprite.uasset" 3
"../../../Engine/Plugins/2D/Paper2D/Content/DummySprite.uexp" 4
"../../../Engine/Plugins/2D/Paper2D/Content/DefaultPaperTerrainMaterial.uasset" 5
"../../../Engine/Plugins/2D/Paper2D/Content/DefaultPaperTerrainMaterial.uexp" 6
"../../../Engine/Plugins/Interchange/Runtime/Content/Pipelines/DefaultTexturePipeline.uasset" 7
"../../../Engine/Plugins/Interchange/Runtime/Content/Pipelines/DefaultTexturePipeline.uexp" 8
"../../../Engine/Plugins/Interchange/Runtime/Content/Pipelines/DefaultSceneLevelPipeline.uasset" 9
"../../../Engine/Plugins/Interchange/Runtime/Content/Pipelines/DefaultSceneLevelPipeline.uexp" 10
"../../../Engine/Plugins/Interchange/Runtime/Content/Pipelines/DefaultSceneAssetsPipeline.uasset" 11
"../../../Engine/Plugins/Interchange/Runtime/Content/Pipelines/DefaultSceneAssetsPipeline.uexp" 12
"../../../Engine/Plugins/Interchange/Runtime/Content/Pipelines/DefaultMaterialXPipeline.uasset" 13
"../../../Engine/Plugins/Interchange/Runtime/Content/Pipelines/DefaultMaterialXPipeline.uexp" 14
"../../../Engine/Plugins/Interchange/Runtime/Content/Pipelines/DefaultMaterialPipeline.uasset" 15
"../../../Engine/Plugins/Interchange/Runtime/Content/Pipelines/DefaultMaterialPipeline.uexp" 16
"../../../Engine/Plugins/Interchange/Runtime/Content/Pipelines/DefaultGLTFSceneAssetsPipeline.uasset" 17
"../../../Engine/Plugins/Interchange/Runtime/Content/Pipelines/DefaultGLTFSceneAssetsPipeline.uexp" 18
"../../../Engine/Plugins/Interchange/Runtime/Content/Pipelines/DefaultGLTFPipeline.uasset" 19
"../../../Engine/Plugins/Interchange/Runtime/Content/Pipelines/DefaultGLTFPipeline.uexp" 20
"../../../Engine/Plugins/Interchange/Runtime/Content/Pipelines/DefaultGLTFAssetsPipeline.uasset" 21
"../../../Engine/Plugins/Interchange/Runtime/Content/Pipelines/DefaultGLTFAssetsPipeline.uexp" 22
"../../../Engine/Plugins/Interchange/Runtime/Content/Pipelines/DefaultAssetsPipeline.uasset" 23
"../../../Engine/Plugins/Interchange/Runtime/Content/Pipelines/DefaultAssetsPipeline.uexp" 24
"../../../Engine/Plugins/Animation/ControlRig/Content/Controls/DefaultGizmoLibraryNormalized.uasset" 25
"../../../Engine/Plugins/Animation/ControlRig/Content/Controls/DefaultGizmoLibraryNormalized.uexp" 26
"../../../Engine/Content/EngineSounds/Master.uasset" 27
"../../../Engine/Content/EngineSounds/Master.uexp" 28
"../../../Engine/Content/EngineMaterials/DefaultPhysicalMaterial.uasset" 29
"../../../Engine/Content/EngineMaterials/DefaultPhysicalMaterial.uexp" 30
"../../../Engine/Content/EngineMaterials/DefaultDestructiblePhysicalMaterial.uasset" 31
"../../../Engine/Content/EngineMaterials/DefaultDestructiblePhysicalMaterial.uexp" 32
"../../../Engine/Content/EngineFonts/Faces/RobotoLight.uexp" 33
"../../../Engine/Content/EngineFonts/Faces/RobotoLight.uasset" 34
"../../../Engine/Content/EngineFonts/Faces/RobotoLight.ufont" 35
"../../../Engine/Content/EngineFonts/Faces/RobotoBold.uexp" 36
"../../../Engine/Content/EngineFonts/Faces/RobotoBold.uasset" 37
"../../../Engine/Content/EngineFonts/Faces/RobotoBold.ufont" 38
"../../../Engine/Content/EngineFonts/Faces/RobotoRegular.uexp" 39
"../../../Engine/Content/EngineFonts/Faces/RobotoRegular.uasset" 40
"../../../Engine/Content/EngineFonts/Faces/RobotoRegular.ufont" 41
"../../../Engine/Content/EngineFonts/Faces/DroidSansFallback.uexp" 42
"../../../Engine/Content/EngineFonts/Faces/DroidSansFallback.uasset" 43
"../../../Engine/Content/EngineFonts/Faces/DroidSansFallback.ufont" 44
"../../../Engine/Content/EngineFonts/Faces/RobotoItalic.uexp" 45
"../../../Engine/Content/EngineFonts/Faces/RobotoItalic.uasset" 46
"../../../Engine/Content/EngineFonts/Faces/RobotoItalic.ufont" 47
"../../../Engine/Content/EngineFonts/Faces/RobotoBoldItalic.uexp" 48
"../../../Engine/Content/EngineFonts/Faces/RobotoBoldItalic.uasset" 49
"../../../Engine/Content/EngineFonts/Faces/RobotoBoldItalic.ufont" 50
"../../../Engine/Content/EngineFonts/Roboto.uasset" 51
"../../../Engine/Content/EngineFonts/Roboto.uexp" 52
"../../../Engine/Content/Animation/DefaultRecorderBoneCompression.uasset" 53
"../../../Engine/Content/Animation/DefaultRecorderBoneCompression.uexp" 54
"../../../Engine/Content/MobileResources/HUD/VirtualJoystick_Background.uasset" 55
"../../../Engine/Content/MobileResources/HUD/VirtualJoystick_Background.uexp" 56
"../../../Engine/Content/MobileResources/HUD/VirtualJoystick_Thumb.uasset" 57
"../../../Engine/Content/MobileResources/HUD/VirtualJoystick_Thumb.uexp" 58
"../../../Engine/Content/MobileResources/HUD/DefaultVirtualJoysticks.uasset" 59
"../../../Engine/Content/MobileResources/HUD/DefaultVirtualJoysticks.uexp" 60
"../../../Engine/Content/EditorResources/S_Actor.ubulk" 61
"../../../Engine/Content/EditorResources/S_Actor.uasset" 62
"../../../Engine/Content/EditorResources/S_Actor.uexp" 63
"../../../Engine/Content/EditorResources/S_BoxReflectionCapture.uasset" 64
"../../../Engine/Content/EditorResources/S_BoxReflectionCapture.uexp" 65
"../../../Engine/Content/EngineResources/DefaultTexture.ubulk" 66
"../../../Engine/Content/EngineResources/DefaultTexture.uasset" 67
"../../../Engine/Content/EngineResources/DefaultTexture.uexp" 68
"../../../Engine/Content/EngineResources/DefaultTextureCube.uasset" 69
"../../../Engine/Content/EngineResources/DefaultTextureCube.uexp" 70
"../../../Engine/Content/EngineResources/DefaultVolumeTexture2D.uasset" 71
"../../../Engine/Content/EngineResources/DefaultVolumeTexture2D.uexp" 72
"../../../Engine/Content/EngineResources/DefaultVolumeTexture.uasset" 73
"../../../Engine/Content/EngineResources/DefaultVolumeTexture.uexp" 74
"../../../Engine/Content/EditorResources/S_Trigger.ubulk" 75
"../../../Engine/Content/EditorResources/S_Trigger.uasset" 76
"../../../Engine/Content/EditorResources/S_Trigger.uexp" 77
"../../../Engine/Content/EditorResources/S_TriggerBox.uasset" 78
"../../../Engine/Content/EditorResources/S_TriggerBox.uexp" 79
"../../../Engine/Content/EditorResources/S_TriggerCapsule.uasset" 80
"../../../Engine/Content/EditorResources/S_TriggerCapsule.uexp" 81
"../../../Engine/Content/EditorResources/S_TriggerSphere.uasset" 82
"../../../Engine/Content/EditorResources/S_TriggerSphere.uexp" 83
"../../../Engine/Content/EngineMeshes/Sphere.ubulk" 84
"../../../Engine/Content/EngineMeshes/Sphere.uasset" 85
"../../../Engine/Content/EngineMeshes/Sphere.uexp" 86
"../../../Engine/Plugins/NNE/NNEDenoiser/Content/NNEDTOM_Output_Default.uasset" 87
"../../../Engine/Plugins/NNE/NNEDenoiser/Content/NNEDTOM_Output_Default.uexp" 88
"../../../Engine/Plugins/NNE/NNEDenoiser/Content/NNEDTOM_Output_Alpha.uasset" 89
"../../../Engine/Plugins/NNE/NNEDenoiser/Content/NNEDTOM_Output_Alpha.uexp" 90
"../../../Engine/Plugins/NNE/NNEDenoiser/Content/NNEDTIM_ColorAlbedoNormal_Default.uasset" 91
"../../../Engine/Plugins/NNE/NNEDenoiser/Content/NNEDTIM_ColorAlbedoNormal_Default.uexp" 92
"../../../Engine/Plugins/NNE/NNEDenoiser/Content/NNEDTIM_ColorAlbedoNormal_Alpha.uasset" 93
"../../../Engine/Plugins/NNE/NNEDenoiser/Content/NNEDTIM_ColorAlbedoNormal_Alpha.uexp" 94
"../../../Engine/Plugins/NNE/NNEDenoiser/Content/NNEDOM_Output_Default.uasset" 95
"../../../Engine/Plugins/NNE/NNEDenoiser/Content/NNEDOM_Output_Default.uexp" 96
"../../../Engine/Plugins/NNE/NNEDenoiser/Content/NNEDOM_Output_Alpha.uasset" 97
"../../../Engine/Plugins/NNE/NNEDenoiser/Content/NNEDOM_Output_Alpha.uexp" 98
"../../../Engine/Plugins/NNE/NNEDenoiser/Content/NNEDIM_HighQuality_Default.uasset" 99
"../../../Engine/Plugins/NNE/NNEDenoiser/Content/NNEDIM_HighQuality_Default.uexp" 100
"../../../Engine/Plugins/NNE/NNEDenoiser/Content/NNEDIM_HighQuality_Alpha.uasset" 101
"../../../Engine/Plugins/NNE/NNEDenoiser/Content/NNEDIM_HighQuality_Alpha.uexp" 102
"../../../Engine/Plugins/NNE/NNEDenoiser/Content/NNEDIM_ColorAlbedoNormal_Default.uasset" 103
"../../../Engine/Plugins/NNE/NNEDenoiser/Content/NNEDIM_ColorAlbedoNormal_Default.uexp" 104
"../../../Engine/Plugins/NNE/NNEDenoiser/Content/NNEDIM_ColorAlbedoNormal_Alpha.uasset" 105
"../../../Engine/Plugins/NNE/NNEDenoiser/Content/NNEDIM_ColorAlbedoNormal_Alpha.uexp" 106
"../../../Engine/Content/EngineMaterials/T_Default_Material_Grid_M.ubulk" 107
"../../../Engine/Content/EngineMaterials/T_Default_Material_Grid_M.uasset" 108
"../../../Engine/Content/EngineMaterials/T_Default_Material_Grid_M.uexp" 109
"../../../Engine/Content/EngineMaterials/T_Default_Material_Grid_N.ubulk" 110
"../../../Engine/Content/EngineMaterials/T_Default_Material_Grid_N.uasset" 111
"../../../Engine/Content/EngineMaterials/T_Default_Material_Grid_N.uexp" 112
"../../../Engine/Content/Functions/Engine_MaterialFunctions01/Opacity/CameraDepthFade.uasset" 113
"../../../Engine/Content/Functions/Engine_MaterialFunctions01/Opacity/CameraDepthFade.uexp" 114
"../../../Engine/Content/EngineMaterials/WorldGridMaterial.uasset" 115
"../../../Engine/Content/EngineMaterials/WorldGridMaterial.uexp" 116
"../../../Engine/Plugins/Media/MediaPlate/Content/SM_MediaPlateScreen.ubulk" 117
"../../../Engine/Plugins/Media/MediaPlate/Content/SM_MediaPlateScreen.uasset" 118
"../../../Engine/Plugins/Media/MediaPlate/Content/SM_MediaPlateScreen.uexp" 119
"../../../Engine/Content/Functions/Engine_MaterialFunctions02/WorldPositionOffset/CameraOffset.uasset" 120
"../../../Engine/Content/Functions/Engine_MaterialFunctions02/WorldPositionOffset/CameraOffset.uexp" 121
"../../../Engine/Plugins/Animation/ControlRig/Content/M_Manip.uasset" 122
"../../../Engine/Plugins/Animation/ControlRig/Content/M_Manip.uexp" 123
"../../../Engine/Plugins/2D/Paper2D/Content/DefaultSpriteMaterial.uasset" 124
"../../../Engine/Plugins/2D/Paper2D/Content/DefaultSpriteMaterial.uexp" 125
"../../../Engine/Plugins/2D/Paper2D/Content/OpaqueUnlitSpriteMaterial.uasset" 126
"../../../Engine/Plugins/2D/Paper2D/Content/OpaqueUnlitSpriteMaterial.uexp" 127
"../../../Engine/Plugins/2D/Paper2D/Content/MaskedUnlitSpriteMaterial.uasset" 128
"../../../Engine/Plugins/2D/Paper2D/Content/MaskedUnlitSpriteMaterial.uexp" 129
"../../../Engine/Plugins/Runtime/MeshModelingToolset/Content/Materials/M_DynamicMeshComponentVtxColor.uasset" 130
"../../../Engine/Plugins/Runtime/MeshModelingToolset/Content/Materials/M_DynamicMeshComponentVtxColor.uexp" 131
"../../../Engine/Plugins/Runtime/HairStrands/Content/Materials/HairMeshesDefaultMaterial.uasset" 132
"../../../Engine/Plugins/Runtime/HairStrands/Content/Materials/HairMeshesDefaultMaterial.uexp" 133
"../../../Engine/Plugins/Runtime/HairStrands/Content/Materials/HairDefaultMaterial.uasset" 134
"../../../Engine/Plugins/Runtime/HairStrands/Content/Materials/HairDefaultMaterial.uexp" 135
"../../../Engine/Plugins/Runtime/HairStrands/Content/Materials/HairGroupColors.uasset" 136
"../../../Engine/Plugins/Runtime/HairStrands/Content/Materials/HairGroupColors.uexp" 137
"../../../Engine/Content/Functions/Engine_MaterialFunctions02/Utility/MakeFloat2.uasset" 138
"../../../Engine/Content/Functions/Engine_MaterialFunctions02/Utility/MakeFloat2.uexp" 139
"../../../Engine/Content/Functions/Engine_MaterialFunctions02/Utility/MakeFloat3.uasset" 140
"../../../Engine/Content/Functions/Engine_MaterialFunctions02/Utility/MakeFloat3.uexp" 141
"../../../Engine/Content/EngineMaterials/HairColorMap.uasset" 142
"../../../Engine/Content/EngineMaterials/HairColorMap.uexp" 143
"../../../Engine/Content/EngineMaterials/HairDebugColor.uasset" 144
"../../../Engine/Content/EngineMaterials/HairDebugColor.uexp" 145
"../../../Engine/Plugins/Runtime/HairStrands/Content/Materials/HairDebugMaterial.uasset" 146
"../../../Engine/Plugins/Runtime/HairStrands/Content/Materials/HairDebugMaterial.uexp" 147
"../../../Engine/Plugins/Runtime/HairStrands/Content/Materials/HairCardsDefaultMaterial.uasset" 148
"../../../Engine/Plugins/Runtime/HairStrands/Content/Materials/HairCardsDefaultMaterial.uexp" 149
"../../../Engine/Plugins/Runtime/AudioWidgets/Content/Resources/ScrubHandleDown_Clamped.uasset" 150
"../../../Engine/Plugins/Runtime/AudioWidgets/Content/Resources/ScrubHandleDown_Clamped.uexp" 151
"../../../Engine/Content/Functions/Engine_MaterialFunctions02/Texturing/CustomRotator.uasset" 152
"../../../Engine/Content/Functions/Engine_MaterialFunctions02/Texturing/CustomRotator.uexp" 153
"../../../Engine/Content/Functions/Engine_MaterialFunctions02/Utility/BreakOutFloat2Components.uasset" 154
"../../../Engine/Content/Functions/Engine_MaterialFunctions02/Utility/BreakOutFloat2Components.uexp" 155
"../../../Engine/Content/Functions/Engine_MaterialFunctions01/Texturing/ScaleUVsByCenter.uasset" 156
"../../../Engine/Content/Functions/Engine_MaterialFunctions01/Texturing/ScaleUVsByCenter.uexp" 157
"../../../Engine/Plugins/Runtime/AudioWidgets/Content/AudioMaterialSlate/Functions/MF_SingleLine_Smooth.uasset" 158
"../../../Engine/Plugins/Runtime/AudioWidgets/Content/AudioMaterialSlate/Functions/MF_SingleLine_Smooth.uexp" 159
"../../../Engine/Plugins/Runtime/AudioWidgets/Content/AudioMaterialSlate/Functions/MF_AngleGradient.uasset" 160
"../../../Engine/Plugins/Runtime/AudioWidgets/Content/AudioMaterialSlate/Functions/MF_AngleGradient.uexp" 161
"../../../Engine/Plugins/Runtime/AudioWidgets/Content/AudioMaterialSlate/Functions/MF_SingleLine.uasset" 162
"../../../Engine/Plugins/Runtime/AudioWidgets/Content/AudioMaterialSlate/Functions/MF_SingleLine.uexp" 163
"../../../Engine/Content/Functions/Engine_MaterialFunctions01/Gradient/SphereGradient-2D.uasset" 164
"../../../Engine/Content/Functions/Engine_MaterialFunctions01/Gradient/SphereGradient-2D.uexp" 165
"../../../Engine/Plugins/Runtime/AudioWidgets/Content/AudioMaterialSlate/M_AudioMaterialToggleButton.uasset" 166
"../../../Engine/Plugins/Runtime/AudioWidgets/Content/AudioMaterialSlate/M_AudioMaterialToggleButton.uexp" 167
"../../../Engine/Plugins/Runtime/AudioWidgets/Content/AudioMaterialSlate/MI_AudioMaterialToggleButton.uasset" 168
"../../../Engine/Plugins/Runtime/AudioWidgets/Content/AudioMaterialSlate/MI_AudioMaterialToggleButton.uexp" 169
"../../../Engine/Content/Functions/Engine_MaterialFunctions02/Utility/VectorLength.uasset" 170
"../../../Engine/Content/Functions/Engine_MaterialFunctions02/Utility/VectorLength.uexp" 171
"../../../Engine/Content/Functions/Engine_MaterialFunctions01/Gradient/GeneratedRoundRect.uasset" 172
"../../../Engine/Content/Functions/Engine_MaterialFunctions01/Gradient/GeneratedRoundRect.uexp" 173
"../../../Engine/Plugins/Runtime/AudioWidgets/Content/AudioMaterialSlate/M_AudioMaterialRoundedSlider.uasset" 174
"../../../Engine/Plugins/Runtime/AudioWidgets/Content/AudioMaterialSlate/M_AudioMaterialRoundedSlider.uexp" 175
"../../../Engine/Plugins/Runtime/AudioWidgets/Content/AudioMaterialSlate/MI_AudioMaterialRoundedSlider.uasset" 176
"../../../Engine/Plugins/Runtime/AudioWidgets/Content/AudioMaterialSlate/MI_AudioMaterialRoundedSlider.uexp" 177
"../../../Engine/Plugins/Runtime/AudioWidgets/Content/AudioMaterialSlate/Functions/MF_Lines.uasset" 178
"../../../Engine/Plugins/Runtime/AudioWidgets/Content/AudioMaterialSlate/Functions/MF_Lines.uexp" 179
"../../../Engine/Content/Functions/Engine_MaterialFunctions02/Lerp_3Color.uasset" 180
"../../../Engine/Content/Functions/Engine_MaterialFunctions02/Lerp_3Color.uexp" 181
"../../../Engine/Plugins/Runtime/AudioWidgets/Content/AudioMaterialSlate/M_AudioMaterialMeter.uasset" 182
"../../../Engine/Plugins/Runtime/AudioWidgets/Content/AudioMaterialSlate/M_AudioMaterialMeter.uexp" 183
"../../../Engine/Plugins/Runtime/AudioWidgets/Content/AudioMaterialSlate/MI_AudioMaterialMeter.uasset" 184
"../../../Engine/Plugins/Runtime/AudioWidgets/Content/AudioMaterialSlate/MI_AudioMaterialMeter.uexp" 185
"../../../Engine/Plugins/Runtime/AudioWidgets/Content/AudioMaterialSlate/M_AudioMaterialKnob.uasset" 186
"../../../Engine/Plugins/Runtime/AudioWidgets/Content/AudioMaterialSlate/M_AudioMaterialKnob.uexp" 187
"../../../Engine/Plugins/Runtime/AudioWidgets/Content/AudioMaterialSlate/MI_AudioMaterialKnob.uasset" 188
"../../../Engine/Plugins/Runtime/AudioWidgets/Content/AudioMaterialSlate/MI_AudioMaterialKnob.uexp" 189
"../../../Engine/Plugins/Runtime/AudioWidgets/Content/AudioMaterialSlate/Functions/MF_DotOutlined.uasset" 190
"../../../Engine/Plugins/Runtime/AudioWidgets/Content/AudioMaterialSlate/Functions/MF_DotOutlined.uexp" 191
"../../../Engine/Plugins/Runtime/AudioWidgets/Content/AudioMaterialSlate/M_AudioMaterialEnvelope_ADSR.uasset" 192
"../../../Engine/Plugins/Runtime/AudioWidgets/Content/AudioMaterialSlate/M_AudioMaterialEnvelope_ADSR.uexp" 193
"../../../Engine/Plugins/Runtime/AudioWidgets/Content/AudioMaterialSlate/MI_AudioMaterialEnvelope_ADSR.uasset" 194
"../../../Engine/Plugins/Runtime/AudioWidgets/Content/AudioMaterialSlate/MI_AudioMaterialEnvelope_ADSR.uexp" 195
"../../../Engine/Plugins/Interchange/Assets/Content/Functions/MX_UsdPreviewSurface.uasset" 196
"../../../Engine/Plugins/Interchange/Assets/Content/Functions/MX_UsdPreviewSurface.uexp" 197
"../../../Engine/Plugins/Interchange/Assets/Content/Functions/MX_UniformEDF.uasset" 198
"../../../Engine/Plugins/Interchange/Assets/Content/Functions/MX_UniformEDF.uexp" 199
"../../../Engine/Plugins/Interchange/Assets/Content/Functions/MX_TranslucentBSDF.uasset" 200
"../../../Engine/Plugins/Interchange/Assets/Content/Functions/MX_TranslucentBSDF.uexp" 201
"../../../Engine/Plugins/Interchange/Assets/Content/Functions/MX_ThinFilmBSDF.uasset" 202
"../../../Engine/Plugins/Interchange/Assets/Content/Functions/MX_ThinFilmBSDF.uexp" 203
"../../../Engine/Plugins/Interchange/Assets/Content/Functions/MX_SurfaceUnlit.uasset" 204
"../../../Engine/Plugins/Interchange/Assets/Content/Functions/MX_SurfaceUnlit.uexp" 205
"../../../Engine/Plugins/Interchange/Assets/Content/Functions/MX_Surface.uasset" 206
"../../../Engine/Plugins/Interchange/Assets/Content/Functions/MX_Surface.uexp" 207
"../../../Engine/Plugins/Interchange/Assets/Content/Functions/MX_SubsurfaceBSDF.uasset" 208
"../../../Engine/Plugins/Interchange/Assets/Content/Functions/MX_SubsurfaceBSDF.uexp" 209
"../../../Engine/Plugins/Interchange/Assets/Content/Functions/MX_SheenBSDF.uasset" 210
"../../../Engine/Plugins/Interchange/Assets/Content/Functions/MX_SheenBSDF.uexp" 211
"../../../Engine/Plugins/Interchange/Assets/Content/Functions/MX_OrenNayarBSDF.uasset" 212
"../../../Engine/Plugins/Interchange/Assets/Content/Functions/MX_OrenNayarBSDF.uexp" 213
"../../../Engine/Plugins/Interchange/Assets/Content/Utilities/New_LUT.uasset" 214
"../../../Engine/Plugins/Interchange/Assets/Content/Utilities/New_LUT.uexp" 215
"../../../Engine/Content/Functions/Engine_MaterialFunctions03/Math/RemapValueRange.uasset" 216
"../../../Engine/Content/Functions/Engine_MaterialFunctions03/Math/RemapValueRange.uexp" 217
"../../../Engine/Plugins/Interchange/Assets/Content/Functions/MF_Iridescence.uasset" 218
"../../../Engine/Plugins/Interchange/Assets/Content/Functions/MF_Iridescence.uexp" 219
"../../../Engine/Plugins/Interchange/Assets/Content/Functions/MX_StandardSurface.uasset" 220
"../../../Engine/Plugins/Interchange/Assets/Content/Functions/MX_StandardSurface.uexp" 221
"../../../Engine/Plugins/Interchange/Assets/Content/Functions/MX_TransmissionSurface.uasset" 222
"../../../Engine/Plugins/Interchange/Assets/Content/Functions/MX_TransmissionSurface.uexp" 223
"../../../Engine/Plugins/Interchange/Assets/Content/Functions/MX_OpenPBR_Translucent.uasset" 224
"../../../Engine/Plugins/Interchange/Assets/Content/Functions/MX_OpenPBR_Translucent.uexp" 225
"../../../Engine/Plugins/Interchange/Assets/Content/Functions/MX_OpenPBR_Opaque.uasset" 226
"../../../Engine/Plugins/Interchange/Assets/Content/Functions/MX_OpenPBR_Opaque.uexp" 227
"../../../Engine/Plugins/Interchange/Assets/Content/Functions/MX_MeasuredEDF.uasset" 228
"../../../Engine/Plugins/Interchange/Assets/Content/Functions/MX_MeasuredEDF.uexp" 229
"../../../Engine/Plugins/Interchange/Assets/Content/Functions/MX_GeneralizedSchlickBSDF.uasset" 230
"../../../Engine/Plugins/Interchange/Assets/Content/Functions/MX_GeneralizedSchlickBSDF.uexp" 231
"../../../Engine/Plugins/Interchange/Assets/Content/Functions/MX_DielectricBSDF.uasset" 232
"../../../Engine/Plugins/Interchange/Assets/Content/Functions/MX_DielectricBSDF.uexp" 233
"../../../Engine/Plugins/Interchange/Assets/Content/Functions/MX_ConicalEDF.uasset" 234
"../../../Engine/Plugins/Interchange/Assets/Content/Functions/MX_ConicalEDF.uexp" 235
"../../../Engine/Plugins/Interchange/Assets/Content/Functions/MX_ConductorBSDF.uasset" 236
"../../../Engine/Plugins/Interchange/Assets/Content/Functions/MX_ConductorBSDF.uexp" 237
"../../../Engine/Plugins/Interchange/Assets/Content/Functions/MX_BurleyDiffuseBSDF.uasset" 238
"../../../Engine/Plugins/Interchange/Assets/Content/Functions/MX_BurleyDiffuseBSDF.uexp" 239
"../../../Engine/Plugins/Interchange/Assets/Content/Functions/MX_AnisotropicVDF.uasset" 240
"../../../Engine/Plugins/Interchange/Assets/Content/Functions/MX_AnisotropicVDF.uexp" 241
"../../../Engine/Plugins/Interchange/Assets/Content/Functions/MX_AbsorptionVDF.uasset" 242
"../../../Engine/Plugins/Interchange/Assets/Content/Functions/MX_AbsorptionVDF.uexp" 243
"../../../Engine/Plugins/Editor/SpeedTreeImporter/Content/SpeedTree9/game_wind_noise.ubulk" 244
"../../../Engine/Plugins/Editor/SpeedTreeImporter/Content/SpeedTree9/game_wind_noise.uasset" 245
"../../../Engine/Plugins/Editor/SpeedTreeImporter/Content/SpeedTree9/game_wind_noise.uexp" 246
"../../../Engine/Plugins/Editor/SpeedTreeImporter/Content/SpeedTree9/UnpackDirection.uasset" 247
"../../../Engine/Plugins/Editor/SpeedTreeImporter/Content/SpeedTree9/UnpackDirection.uexp" 248
"../../../Engine/Content/Functions/Engine_MaterialFunctions02/ObjectLocalBounds.uasset" 249
"../../../Engine/Content/Functions/Engine_MaterialFunctions02/ObjectLocalBounds.uexp" 250
"../../../Engine/Content/Functions/Engine_MaterialFunctions02/Utility/BreakOutFloat3Components.uasset" 251
"../../../Engine/Content/Functions/Engine_MaterialFunctions02/Utility/BreakOutFloat3Components.uexp" 252
"../../../Engine/Content/Functions/Engine_MaterialFunctions02/UVs/BoundingBoxBased_0-1_UVW.uasset" 253
"../../../Engine/Content/Functions/Engine_MaterialFunctions02/UVs/BoundingBoxBased_0-1_UVW.uexp" 254
"../../../Engine/Plugins/Editor/SpeedTreeImporter/Content/SpeedTree9/UnpackInteger3.uasset" 255
"../../../Engine/Plugins/Editor/SpeedTreeImporter/Content/SpeedTree9/UnpackInteger3.uexp" 256
"../../../Engine/Plugins/Editor/SpeedTreeImporter/Content/SpeedTree9/SpeedTreeCameraFacing.uasset" 257
"../../../Engine/Plugins/Editor/SpeedTreeImporter/Content/SpeedTree9/SpeedTreeCameraFacing.uexp" 258
"../../../Engine/Content/Functions/Engine_MaterialFunctions02/WorldPositionOffset/ObjectScale.uasset" 259
"../../../Engine/Content/Functions/Engine_MaterialFunctions02/WorldPositionOffset/ObjectScale.uexp" 260
"../../../Engine/Content/Functions/Engine_MaterialFunctions02/SafeNormalize.uasset" 261
"../../../Engine/Content/Functions/Engine_MaterialFunctions02/SafeNormalize.uexp" 262
"../../../Engine/Plugins/Editor/SpeedTreeImporter/Content/SpeedTree9/SpeedTreeWindMotion.uasset" 263
"../../../Engine/Plugins/Editor/SpeedTreeImporter/Content/SpeedTree9/SpeedTreeWindMotion.uexp" 264
"../../../Engine/Plugins/Editor/SpeedTreeImporter/Content/SpeedTree9/SpeedTreeBranchMotion.uasset" 265
"../../../Engine/Plugins/Editor/SpeedTreeImporter/Content/SpeedTree9/SpeedTreeBranchMotion.uexp" 266
"../../../Engine/Plugins/Editor/SpeedTreeImporter/Content/SpeedTree9/SpeedTreeWind.uasset" 267
"../../../Engine/Plugins/Editor/SpeedTreeImporter/Content/SpeedTree9/SpeedTreeWind.uexp" 268
"../../../Engine/Plugins/Editor/SpeedTreeImporter/Content/SpeedTree9/EmptyNormal.uasset" 269
"../../../Engine/Plugins/Editor/SpeedTreeImporter/Content/SpeedTree9/EmptyNormal.uexp" 270
"../../../Engine/Plugins/Editor/SpeedTreeImporter/Content/SpeedTree9/Empty.uasset" 271
"../../../Engine/Plugins/Editor/SpeedTreeImporter/Content/SpeedTree9/Empty.uexp" 272
"../../../Engine/Plugins/Editor/SpeedTreeImporter/Content/SpeedTree9/SpeedTreeMaster.uasset" 273
"../../../Engine/Plugins/Editor/SpeedTreeImporter/Content/SpeedTree9/SpeedTreeMaster.uexp" 274
"../../../Engine/Plugins/Editor/SpeedTreeImporter/Content/SpeedTree9/SpeedTreeBillboard.uasset" 275
"../../../Engine/Plugins/Editor/SpeedTreeImporter/Content/SpeedTree9/SpeedTreeBillboard.uexp" 276
"../../../Engine/Plugins/Editor/SpeedTreeImporter/Content/SpeedTree9/SpeedTreeBillboardMaster.uasset" 277
"../../../Engine/Plugins/Editor/SpeedTreeImporter/Content/SpeedTree9/SpeedTreeBillboardMaster.uexp" 278
"../../../Engine/Plugins/Animation/ControlRig/Content/Controls/ControlRig_Wedge_solid.ubulk" 279
"../../../Engine/Plugins/Animation/ControlRig/Content/Controls/ControlRig_Wedge_solid.uasset" 280
"../../../Engine/Plugins/Animation/ControlRig/Content/Controls/ControlRig_Wedge_solid.uexp" 281
"../../../Engine/Plugins/Animation/ControlRig/Content/Controls/ControlRig_Wedge_3mm.ubulk" 282
"../../../Engine/Plugins/Animation/ControlRig/Content/Controls/ControlRig_Wedge_3mm.uasset" 283
"../../../Engine/Plugins/Animation/ControlRig/Content/Controls/ControlRig_Wedge_3mm.uexp" 284
"../../../Engine/Plugins/Animation/ControlRig/Content/Controls/ControlRig_Wedge_1mm.ubulk" 285
"../../../Engine/Plugins/Animation/ControlRig/Content/Controls/ControlRig_Wedge_1mm.uasset" 286
"../../../Engine/Plugins/Animation/ControlRig/Content/Controls/ControlRig_Wedge_1mm.uexp" 287
"../../../Engine/Plugins/Animation/ControlRig/Content/Controls/ControlRig_Triangle_solid.ubulk" 288
"../../../Engine/Plugins/Animation/ControlRig/Content/Controls/ControlRig_Triangle_solid.uasset" 289
"../../../Engine/Plugins/Animation/ControlRig/Content/Controls/ControlRig_Triangle_solid.uexp" 290
"../../../Engine/Plugins/Animation/ControlRig/Content/Controls/ControlRig_Triangle_3mm.ubulk" 291
"../../../Engine/Plugins/Animation/ControlRig/Content/Controls/ControlRig_Triangle_3mm.uasset" 292
"../../../Engine/Plugins/Animation/ControlRig/Content/Controls/ControlRig_Triangle_3mm.uexp" 293
"../../../Engine/Plugins/Animation/ControlRig/Content/Controls/ControlRig_Triangle_1mm.ubulk" 294
"../../../Engine/Plugins/Animation/ControlRig/Content/Controls/ControlRig_Triangle_1mm.uasset" 295
"../../../Engine/Plugins/Animation/ControlRig/Content/Controls/ControlRig_Triangle_1mm.uexp" 296
"../../../Engine/Plugins/Animation/ControlRig/Content/Controls/ControlRig_Star4_solid.ubulk" 297
"../../../Engine/Plugins/Animation/ControlRig/Content/Controls/ControlRig_Star4_solid.uasset" 298
"../../../Engine/Plugins/Animation/ControlRig/Content/Controls/ControlRig_Star4_solid.uexp" 299
"../../../Engine/Plugins/Animation/ControlRig/Content/Controls/ControlRig_Star4_3mm.ubulk" 300
"../../../Engine/Plugins/Animation/ControlRig/Content/Controls/ControlRig_Star4_3mm.uasset" 301
"../../../Engine/Plugins/Animation/ControlRig/Content/Controls/ControlRig_Star4_3mm.uexp" 302
"../../../Engine/Plugins/Animation/ControlRig/Content/Controls/ControlRig_Star4_1mm.ubulk" 303
"../../../Engine/Plugins/Animation/ControlRig/Content/Controls/ControlRig_Star4_1mm.uasset" 304
"../../../Engine/Plugins/Animation/ControlRig/Content/Controls/ControlRig_Star4_1mm.uexp" 305
"../../../Engine/Plugins/Animation/ControlRig/Content/Controls/ControlRig_Square_solid.ubulk" 306
"../../../Engine/Plugins/Animation/ControlRig/Content/Controls/ControlRig_Square_solid.uasset" 307
"../../../Engine/Plugins/Animation/ControlRig/Content/Controls/ControlRig_Square_solid.uexp" 308
"../../../Engine/Plugins/Animation/ControlRig/Content/Controls/ControlRig_Square_3mm.ubulk" 309
"../../../Engine/Plugins/Animation/ControlRig/Content/Controls/ControlRig_Square_3mm.uasset" 310
"../../../Engine/Plugins/Animation/ControlRig/Content/Controls/ControlRig_Square_3mm.uexp" 311
"../../../Engine/Plugins/Animation/ControlRig/Content/Controls/ControlRig_Square_1mm.ubulk" 312
"../../../Engine/Plugins/Animation/ControlRig/Content/Controls/ControlRig_Square_1mm.uasset" 313
"../../../Engine/Plugins/Animation/ControlRig/Content/Controls/ControlRig_Square_1mm.uexp" 314
"../../../Engine/Plugins/Animation/ControlRig/Content/Controls/ControlRig_Sphere_solid.ubulk" 315
"../../../Engine/Plugins/Animation/ControlRig/Content/Controls/ControlRig_Sphere_solid.uasset" 316
"../../../Engine/Plugins/Animation/ControlRig/Content/Controls/ControlRig_Sphere_solid.uexp" 317
"../../../Engine/Plugins/Animation/ControlRig/Content/Controls/ControlRig_Sphere_3mm.ubulk" 318
"../../../Engine/Plugins/Animation/ControlRig/Content/Controls/ControlRig_Sphere_3mm.uasset" 319
"../../../Engine/Plugins/Animation/ControlRig/Content/Controls/ControlRig_Sphere_3mm.uexp" 320
"../../../Engine/Plugins/Animation/ControlRig/Content/Controls/ControlRig_Sphere_1mm.ubulk" 321
"../../../Engine/Plugins/Animation/ControlRig/Content/Controls/ControlRig_Sphere_1mm.uasset" 322
"../../../Engine/Plugins/Animation/ControlRig/Content/Controls/ControlRig_Sphere_1mm.uexp" 323
"../../../Engine/Plugins/Animation/ControlRig/Content/Controls/ControlRig_RoundedTriangle_solid.ubulk" 324
"../../../Engine/Plugins/Animation/ControlRig/Content/Controls/ControlRig_RoundedTriangle_solid.uasset" 325
"../../../Engine/Plugins/Animation/ControlRig/Content/Controls/ControlRig_RoundedTriangle_solid.uexp" 326
"../../../Engine/Plugins/Animation/ControlRig/Content/Controls/ControlRig_RoundedTriangle_3mm.ubulk" 327
"../../../Engine/Plugins/Animation/ControlRig/Content/Controls/ControlRig_RoundedTriangle_3mm.uasset" 328
"../../../Engine/Plugins/Animation/ControlRig/Content/Controls/ControlRig_RoundedTriangle_3mm.uexp" 329
"../../../Engine/Plugins/Animation/ControlRig/Content/Controls/ControlRig_RoundedTriangle_1mm.ubulk" 330
"../../../Engine/Plugins/Animation/ControlRig/Content/Controls/ControlRig_RoundedTriangle_1mm.uasset" 331
"../../../Engine/Plugins/Animation/ControlRig/Content/Controls/ControlRig_RoundedTriangle_1mm.uexp" 332
"../../../Engine/Plugins/Animation/ControlRig/Content/Controls/ControlRig_RoundedSquare_solid.ubulk" 333
"../../../Engine/Plugins/Animation/ControlRig/Content/Controls/ControlRig_RoundedSquare_solid.uasset" 334
"../../../Engine/Plugins/Animation/ControlRig/Content/Controls/ControlRig_RoundedSquare_solid.uexp" 335
"../../../Engine/Plugins/Animation/ControlRig/Content/Controls/ControlRig_RoundedSquare_3mm.ubulk" 336
"../../../Engine/Plugins/Animation/ControlRig/Content/Controls/ControlRig_RoundedSquare_3mm.uasset" 337
"../../../Engine/Plugins/Animation/ControlRig/Content/Controls/ControlRig_RoundedSquare_3mm.uexp" 338
"../../../Engine/Plugins/Animation/ControlRig/Content/Controls/ControlRig_RoundedSquare_1mm.ubulk" 339
"../../../Engine/Plugins/Animation/ControlRig/Content/Controls/ControlRig_RoundedSquare_1mm.uasset" 340
"../../../Engine/Plugins/Animation/ControlRig/Content/Controls/ControlRig_RoundedSquare_1mm.uexp" 341
"../../../Engine/Plugins/Animation/ControlRig/Content/Controls/ControlRig_QuarterCircle_solid.ubulk" 342
"../../../Engine/Plugins/Animation/ControlRig/Content/Controls/ControlRig_QuarterCircle_solid.uasset" 343
"../../../Engine/Plugins/Animation/ControlRig/Content/Controls/ControlRig_QuarterCircle_solid.uexp" 344
"../../../Engine/Plugins/Animation/ControlRig/Content/Controls/ControlRig_QuarterCircle_3mm.ubulk" 345
"../../../Engine/Plugins/Animation/ControlRig/Content/Controls/ControlRig_QuarterCircle_3mm.uasset" 346
"../../../Engine/Plugins/Animation/ControlRig/Content/Controls/ControlRig_QuarterCircle_3mm.uexp" 347
"../../../Engine/Plugins/Animation/ControlRig/Content/Controls/ControlRig_QuarterCircle_1mm.ubulk" 348
"../../../Engine/Plugins/Animation/ControlRig/Content/Controls/ControlRig_QuarterCircle_1mm.uasset" 349
"../../../Engine/Plugins/Animation/ControlRig/Content/Controls/ControlRig_QuarterCircle_1mm.uexp" 350
"../../../Engine/Plugins/Animation/ControlRig/Content/Controls/ControlRig_Pyramid_solid.ubulk" 351
"../../../Engine/Plugins/Animation/ControlRig/Content/Controls/ControlRig_Pyramid_solid.uasset" 352
"../../../Engine/Plugins/Animation/ControlRig/Content/Controls/ControlRig_Pyramid_solid.uexp" 353
"../../../Engine/Plugins/Animation/ControlRig/Content/Controls/ControlRig_Pyramid_3mm.ubulk" 354
"../../../Engine/Plugins/Animation/ControlRig/Content/Controls/ControlRig_Pyramid_3mm.uasset" 355
"../../../Engine/Plugins/Animation/ControlRig/Content/Controls/ControlRig_Pyramid_3mm.uexp" 356
"../../../Engine/Plugins/Animation/ControlRig/Content/Controls/ControlRig_Pyramid_1mm.ubulk" 357
"../../../Engine/Plugins/Animation/ControlRig/Content/Controls/ControlRig_Pyramid_1mm.uasset" 358
"../../../Engine/Plugins/Animation/ControlRig/Content/Controls/ControlRig_Pyramid_1mm.uexp" 359
"../../../Engine/Plugins/Animation/ControlRig/Content/Controls/ControlRig_Octagon_solid.ubulk" 360
"../../../Engine/Plugins/Animation/ControlRig/Content/Controls/ControlRig_Octagon_solid.uasset" 361
"../../../Engine/Plugins/Animation/ControlRig/Content/Controls/ControlRig_Octagon_solid.uexp" 362
"../../../Engine/Plugins/Animation/ControlRig/Content/Controls/ControlRig_Octagon_3mm.ubulk" 363
"../../../Engine/Plugins/Animation/ControlRig/Content/Controls/ControlRig_Octagon_3mm.uasset" 364
"../../../Engine/Plugins/Animation/ControlRig/Content/Controls/ControlRig_Octagon_3mm.uexp" 365
"../../../Engine/Plugins/Animation/ControlRig/Content/Controls/ControlRig_Octagon_1mm.ubulk" 366
"../../../Engine/Plugins/Animation/ControlRig/Content/Controls/ControlRig_Octagon_1mm.uasset" 367
"../../../Engine/Plugins/Animation/ControlRig/Content/Controls/ControlRig_Octagon_1mm.uexp" 368
"../../../Engine/Plugins/Animation/ControlRig/Content/Controls/ControlRig_Hexagon_solid.ubulk" 369
"../../../Engine/Plugins/Animation/ControlRig/Content/Controls/ControlRig_Hexagon_solid.uasset" 370
"../../../Engine/Plugins/Animation/ControlRig/Content/Controls/ControlRig_Hexagon_solid.uexp" 371
"../../../Engine/Plugins/Animation/ControlRig/Content/Controls/ControlRig_Hexagon_3mm.ubulk" 372
"../../../Engine/Plugins/Animation/ControlRig/Content/Controls/ControlRig_Hexagon_3mm.uasset" 373
"../../../Engine/Plugins/Animation/ControlRig/Content/Controls/ControlRig_Hexagon_3mm.uexp" 374
"../../../Engine/Plugins/Animation/ControlRig/Content/Controls/ControlRig_Hexagon_1mm.ubulk" 375
"../../../Engine/Plugins/Animation/ControlRig/Content/Controls/ControlRig_Hexagon_1mm.uasset" 376
"../../../Engine/Plugins/Animation/ControlRig/Content/Controls/ControlRig_Hexagon_1mm.uexp" 377
"../../../Engine/Plugins/Animation/ControlRig/Content/Controls/ControlRig_HalfCircle_solid.ubulk" 378
"../../../Engine/Plugins/Animation/ControlRig/Content/Controls/ControlRig_HalfCircle_solid.uasset" 379
"../../../Engine/Plugins/Animation/ControlRig/Content/Controls/ControlRig_HalfCircle_solid.uexp" 380
"../../../Engine/Plugins/Animation/ControlRig/Content/Controls/ControlRig_HalfCircle_3mm.ubulk" 381
"../../../Engine/Plugins/Animation/ControlRig/Content/Controls/ControlRig_HalfCircle_3mm.uasset" 382
"../../../Engine/Plugins/Animation/ControlRig/Content/Controls/ControlRig_HalfCircle_3mm.uexp" 383
"../../../Engine/Plugins/Animation/ControlRig/Content/Controls/ControlRig_HalfCircle_1mm.ubulk" 384
"../../../Engine/Plugins/Animation/ControlRig/Content/Controls/ControlRig_HalfCircle_1mm.uasset" 385
"../../../Engine/Plugins/Animation/ControlRig/Content/Controls/ControlRig_HalfCircle_1mm.uexp" 386
"../../../Engine/Plugins/Animation/ControlRig/Content/Controls/ControlRig_Diamond_solid.ubulk" 387
"../../../Engine/Plugins/Animation/ControlRig/Content/Controls/ControlRig_Diamond_solid.uasset" 388
"../../../Engine/Plugins/Animation/ControlRig/Content/Controls/ControlRig_Diamond_solid.uexp" 389
"../../../Engine/Plugins/Animation/ControlRig/Content/Controls/ControlRig_Diamond_3mm.ubulk" 390
"../../../Engine/Plugins/Animation/ControlRig/Content/Controls/ControlRig_Diamond_3mm.uasset" 391
"../../../Engine/Plugins/Animation/ControlRig/Content/Controls/ControlRig_Diamond_3mm.uexp" 392
"../../../Engine/Plugins/Animation/ControlRig/Content/Controls/ControlRig_Diamond_1mm.ubulk" 393
"../../../Engine/Plugins/Animation/ControlRig/Content/Controls/ControlRig_Diamond_1mm.uasset" 394
"../../../Engine/Plugins/Animation/ControlRig/Content/Controls/ControlRig_Diamond_1mm.uexp" 395
"../../../Engine/Plugins/Animation/ControlRig/Content/Controls/ControlRig_Circle_solid.ubulk" 396
"../../../Engine/Plugins/Animation/ControlRig/Content/Controls/ControlRig_Circle_solid.uasset" 397
"../../../Engine/Plugins/Animation/ControlRig/Content/Controls/ControlRig_Circle_solid.uexp" 398
"../../../Engine/Plugins/Animation/ControlRig/Content/Controls/ControlRig_Circle_3mm.ubulk" 399
"../../../Engine/Plugins/Animation/ControlRig/Content/Controls/ControlRig_Circle_3mm.uasset" 400
"../../../Engine/Plugins/Animation/ControlRig/Content/Controls/ControlRig_Circle_3mm.uexp" 401
"../../../Engine/Plugins/Animation/ControlRig/Content/Controls/ControlRig_Circle_1mm.ubulk" 402
"../../../Engine/Plugins/Animation/ControlRig/Content/Controls/ControlRig_Circle_1mm.uasset" 403
"../../../Engine/Plugins/Animation/ControlRig/Content/Controls/ControlRig_Circle_1mm.uexp" 404
"../../../Engine/Plugins/Animation/ControlRig/Content/Controls/ControlRig_Box_solid.ubulk" 405
"../../../Engine/Plugins/Animation/ControlRig/Content/Controls/ControlRig_Box_solid.uasset" 406
"../../../Engine/Plugins/Animation/ControlRig/Content/Controls/ControlRig_Box_solid.uexp" 407
"../../../Engine/Plugins/Animation/ControlRig/Content/Controls/ControlRig_Box_3mm.ubulk" 408
"../../../Engine/Plugins/Animation/ControlRig/Content/Controls/ControlRig_Box_3mm.uasset" 409
"../../../Engine/Plugins/Animation/ControlRig/Content/Controls/ControlRig_Box_3mm.uexp" 410
"../../../Engine/Plugins/Animation/ControlRig/Content/Controls/ControlRig_Box_1mm.ubulk" 411
"../../../Engine/Plugins/Animation/ControlRig/Content/Controls/ControlRig_Box_1mm.uasset" 412
"../../../Engine/Plugins/Animation/ControlRig/Content/Controls/ControlRig_Box_1mm.uexp" 413
"../../../Engine/Plugins/Animation/ControlRig/Content/Controls/ControlRig_Arrow_solid.ubulk" 414
"../../../Engine/Plugins/Animation/ControlRig/Content/Controls/ControlRig_Arrow_solid.uasset" 415
"../../../Engine/Plugins/Animation/ControlRig/Content/Controls/ControlRig_Arrow_solid.uexp" 416
"../../../Engine/Plugins/Animation/ControlRig/Content/Controls/ControlRig_Arrow_3mm.ubulk" 417
"../../../Engine/Plugins/Animation/ControlRig/Content/Controls/ControlRig_Arrow_3mm.uasset" 418
"../../../Engine/Plugins/Animation/ControlRig/Content/Controls/ControlRig_Arrow_3mm.uexp" 419
"../../../Engine/Plugins/Animation/ControlRig/Content/Controls/ControlRig_Arrow_1mm.ubulk" 420
"../../../Engine/Plugins/Animation/ControlRig/Content/Controls/ControlRig_Arrow_1mm.uasset" 421
"../../../Engine/Plugins/Animation/ControlRig/Content/Controls/ControlRig_Arrow_1mm.uexp" 422
"../../../Engine/Plugins/Animation/ControlRig/Content/Controls/ControlRig_Arrow4_solid.ubulk" 423
"../../../Engine/Plugins/Animation/ControlRig/Content/Controls/ControlRig_Arrow4_solid.uasset" 424
"../../../Engine/Plugins/Animation/ControlRig/Content/Controls/ControlRig_Arrow4_solid.uexp" 425
"../../../Engine/Plugins/Animation/ControlRig/Content/Controls/ControlRig_Arrow4_3mm.ubulk" 426
"../../../Engine/Plugins/Animation/ControlRig/Content/Controls/ControlRig_Arrow4_3mm.uasset" 427
"../../../Engine/Plugins/Animation/ControlRig/Content/Controls/ControlRig_Arrow4_3mm.uexp" 428
"../../../Engine/Plugins/Animation/ControlRig/Content/Controls/ControlRig_Arrow4_1mm.ubulk" 429
"../../../Engine/Plugins/Animation/ControlRig/Content/Controls/ControlRig_Arrow4_1mm.uasset" 430
"../../../Engine/Plugins/Animation/ControlRig/Content/Controls/ControlRig_Arrow4_1mm.uexp" 431
"../../../Engine/Plugins/Animation/ControlRig/Content/Controls/ControlRig_Arrow2_solid.ubulk" 432
"../../../Engine/Plugins/Animation/ControlRig/Content/Controls/ControlRig_Arrow2_solid.uasset" 433
"../../../Engine/Plugins/Animation/ControlRig/Content/Controls/ControlRig_Arrow2_solid.uexp" 434
"../../../Engine/Plugins/Animation/ControlRig/Content/Controls/ControlRig_Arrow2_3mm.ubulk" 435
"../../../Engine/Plugins/Animation/ControlRig/Content/Controls/ControlRig_Arrow2_3mm.uasset" 436
"../../../Engine/Plugins/Animation/ControlRig/Content/Controls/ControlRig_Arrow2_3mm.uexp" 437
"../../../Engine/Plugins/Animation/ControlRig/Content/Controls/ControlRig_Arrow2_1mm.ubulk" 438
"../../../Engine/Plugins/Animation/ControlRig/Content/Controls/ControlRig_Arrow2_1mm.uasset" 439
"../../../Engine/Plugins/Animation/ControlRig/Content/Controls/ControlRig_Arrow2_1mm.uexp" 440
"../../../Engine/Plugins/Animation/ControlRig/Content/Controls/ControlRigXRayMaterial.uasset" 441
"../../../Engine/Plugins/Animation/ControlRig/Content/Controls/ControlRigXRayMaterial.uexp" 442
"../../../Engine/Plugins/Animation/ControlRig/Content/Controls/ControlRigGizmoMaterial.uasset" 443
"../../../Engine/Plugins/Animation/ControlRig/Content/Controls/ControlRigGizmoMaterial.uexp" 444
"../../../Engine/Content/EngineResources/GradientTexture0.uasset" 445
"../../../Engine/Content/EngineResources/GradientTexture0.uexp" 446
"../../../Engine/Content/EngineResources/Black.uasset" 447
"../../../Engine/Content/EngineResources/Black.uexp" 448
"../../../Engine/Content/EngineResources/WhiteSquareTexture.uasset" 449
"../../../Engine/Content/EngineResources/WhiteSquareTexture.uexp" 450
"../../../Engine/Content/EngineMaterials/Widget3DPassThrough.uasset" 451
"../../../Engine/Content/EngineMaterials/Widget3DPassThrough.uexp" 452
"../../../Engine/Content/EngineMaterials/Widget3DPassThrough_Translucent.uasset" 453
"../../../Engine/Content/EngineMaterials/Widget3DPassThrough_Translucent.uexp" 454
"../../../Engine/Content/EngineMaterials/Widget3DPassThrough_Translucent_OneSided.uasset" 455
"../../../Engine/Content/EngineMaterials/Widget3DPassThrough_Translucent_OneSided.uexp" 456
"../../../Engine/Content/EngineMaterials/Widget3DPassThrough_Opaque.uasset" 457
"../../../Engine/Content/EngineMaterials/Widget3DPassThrough_Opaque.uexp" 458
"../../../Engine/Content/EngineMaterials/Widget3DPassThrough_Opaque_OneSided.uasset" 459
"../../../Engine/Content/EngineMaterials/Widget3DPassThrough_Opaque_OneSided.uexp" 460
"../../../Engine/Content/EngineMaterials/Widget3DPassThrough_Masked_OneSided.uasset" 461
"../../../Engine/Content/EngineMaterials/Widget3DPassThrough_Masked_OneSided.uexp" 462
"../../../Engine/Content/EngineMaterials/Widget3DPassThrough_Masked.uasset" 463
"../../../Engine/Content/EngineMaterials/Widget3DPassThrough_Masked.uexp" 464
"../../../Engine/Content/EngineMaterials/WeightMapPlaceholderTexture.uasset" 465
"../../../Engine/Content/EngineMaterials/WeightMapPlaceholderTexture.uexp" 466
"../../../Engine/Content/EngineMaterials/WeightMapArrayPlaceholderTexture.uasset" 467
"../../../Engine/Content/EngineMaterials/WeightMapArrayPlaceholderTexture.uexp" 468
"../../../Engine/Content/EngineMaterials/RemoveSurfaceMaterial.uasset" 469
"../../../Engine/Content/EngineMaterials/RemoveSurfaceMaterial.uexp" 470
"../../../Engine/Content/EngineMaterials/PreintegratedSkinBRDF.uasset" 471
"../../../Engine/Content/EngineMaterials/PreintegratedSkinBRDF.uexp" 472
"../../../Engine/Content/EngineMaterials/DefaultCalibrationGrayscale.uasset" 473
"../../../Engine/Content/EngineMaterials/DefaultCalibrationGrayscale.uexp" 474
"../../../Engine/Content/EngineMaterials/PPM_DefaultCalibrationGrayscale.uasset" 475
"../../../Engine/Content/EngineMaterials/PPM_DefaultCalibrationGrayscale.uexp" 476
"../../../Engine/Content/EngineMaterials/DefaultCalibrationColor.uasset" 477
"../../../Engine/Content/EngineMaterials/DefaultCalibrationColor.uexp" 478
"../../../Engine/Content/EngineMaterials/PPM_DefaultCalibrationColor.uasset" 479
"../../../Engine/Content/EngineMaterials/PPM_DefaultCalibrationColor.uexp" 480
"../../../Engine/Content/EngineMaterials/PhAT_JointLimitMaterial.uasset" 481
"../../../Engine/Content/EngineMaterials/PhAT_JointLimitMaterial.uexp" 482
"../../../Engine/Content/EngineMaterials/NaniteHiddenSectionMaterial.uasset" 483
"../../../Engine/Content/EngineMaterials/NaniteHiddenSectionMaterial.uexp" 484
"../../../Engine/Content/EngineMaterials/InvalidLightmapSettings.ubulk" 485
"../../../Engine/Content/EngineMaterials/InvalidLightmapSettings.uasset" 486
"../../../Engine/Content/EngineMaterials/InvalidLightmapSettings.uexp" 487
"../../../Engine/Content/EngineMaterials/M_InvalidLightmapSettings.uasset" 488
"../../../Engine/Content/EngineMaterials/M_InvalidLightmapSettings.uexp" 489
"../../../Engine/Content/EngineMaterials/MiniFont.uasset" 490
"../../../Engine/Content/EngineMaterials/MiniFont.uexp" 491
"../../../Engine/Content/EngineMaterials/GizmoMaterial.uasset" 492
"../../../Engine/Content/EngineMaterials/GizmoMaterial.uexp" 493
"../../../Engine/Content/EngineMaterials/BaseFlattenEmissiveMap_VT.uasset" 494
"../../../Engine/Content/EngineMaterials/BaseFlattenEmissiveMap_VT.uexp" 495
"../../../Engine/Content/EngineMaterials/BaseFlattenGrayscaleMap_VT.uasset" 496
"../../../Engine/Content/EngineMaterials/BaseFlattenGrayscaleMap_VT.uexp" 497
"../../../Engine/Content/EngineMaterials/BaseFlattenLinearColor_VT.uasset" 498
"../../../Engine/Content/EngineMaterials/BaseFlattenLinearColor_VT.uexp" 499
"../../../Engine/Content/EngineMaterials/Black_1x1_EXR_Texture_VT.uasset" 500
"../../../Engine/Content/EngineMaterials/Black_1x1_EXR_Texture_VT.uexp" 501
"../../../Engine/Content/EngineMaterials/BaseFlattenDiffuseMap_VT.uasset" 502
"../../../Engine/Content/EngineMaterials/BaseFlattenDiffuseMap_VT.uexp" 503
"../../../Engine/Content/EngineMaterials/BaseFlattenNormalMap_VT.uasset" 504
"../../../Engine/Content/EngineMaterials/BaseFlattenNormalMap_VT.uexp" 505
"../../../Engine/Content/EngineMaterials/FlattenMaterial_WS_Normal_VT.uasset" 506
"../../../Engine/Content/EngineMaterials/FlattenMaterial_WS_Normal_VT.uexp" 507
"../../../Engine/Content/EngineMaterials/FlattenMaterial_VT.uasset" 508
"../../../Engine/Content/EngineMaterials/FlattenMaterial_VT.uexp" 509
"../../../Engine/Content/EngineMaterials/BaseFlattenNormalMap.uasset" 510
"../../../Engine/Content/EngineMaterials/BaseFlattenNormalMap.uexp" 511
"../../../Engine/Content/EngineMaterials/BaseFlattenGrayscaleMap.uasset" 512
"../../../Engine/Content/EngineMaterials/BaseFlattenGrayscaleMap.uexp" 513
"../../../Engine/Content/EngineMaterials/BaseFlattenDiffuseMap.uasset" 514
"../../../Engine/Content/EngineMaterials/BaseFlattenDiffuseMap.uexp" 515
"../../../Engine/Content/Functions/Engine_MaterialFunctions02/PivotPainter2/Black_1x1_EXR_Texture.uasset" 516
"../../../Engine/Content/Functions/Engine_MaterialFunctions02/PivotPainter2/Black_1x1_EXR_Texture.uexp" 517
"../../../Engine/Content/EngineMaterials/BaseFlattenEmissiveMap.uasset" 518
"../../../Engine/Content/EngineMaterials/BaseFlattenEmissiveMap.uexp" 519
"../../../Engine/Content/EngineMaterials/BaseFlattenLinearColor.uasset" 520
"../../../Engine/Content/EngineMaterials/BaseFlattenLinearColor.uexp" 521
"../../../Engine/Content/EngineMaterials/FlattenMaterial.uasset" 522
"../../../Engine/Content/EngineMaterials/FlattenMaterial.uexp" 523
"../../../Engine/Content/EngineMaterials/FastBlueNoise_vec2_128x128x64.uasset" 524
"../../../Engine/Content/EngineMaterials/FastBlueNoise_vec2_128x128x64.uexp" 525
"../../../Engine/Content/EngineMaterials/FastBlueNoise_scalar_128x128x64.uasset" 526
"../../../Engine/Content/EngineMaterials/FastBlueNoise_scalar_128x128x64.uexp" 527
"../../../Engine/Content/EngineMaterials/DefaultWhiteGrid_Low.uasset" 528
"../../../Engine/Content/EngineMaterials/DefaultWhiteGrid_Low.uexp" 529
"../../../Engine/Content/EngineMaterials/EmissiveMeshMaterial.uasset" 530
"../../../Engine/Content/EngineMaterials/EmissiveMeshMaterial.uexp" 531
"../../../Engine/Content/EngineMaterials/DefaultWhiteGrid.ubulk" 532
"../../../Engine/Content/EngineMaterials/DefaultWhiteGrid.uasset" 533
"../../../Engine/Content/EngineMaterials/DefaultWhiteGrid.uexp" 534
"../../../Engine/Content/EngineFonts/RobotoDistanceField.uasset" 535
"../../../Engine/Content/EngineFonts/RobotoDistanceField.uexp" 536
"../../../Engine/Content/EngineMaterials/DefaultTextMaterialOpaque.uasset" 537
"../../../Engine/Content/EngineMaterials/DefaultTextMaterialOpaque.uexp" 538
"../../../Engine/Content/EngineMaterials/DefaultDiffuse.ubulk" 539
"../../../Engine/Content/EngineMaterials/DefaultDiffuse.uasset" 540
"../../../Engine/Content/EngineMaterials/DefaultDiffuse.uexp" 541
"../../../Engine/Content/EngineMaterials/DefaultPostProcessMaterial.uasset" 542
"../../../Engine/Content/EngineMaterials/DefaultPostProcessMaterial.uexp" 543
"../../../Engine/Content/EngineMaterials/DefaultLightFunctionMaterial.uasset" 544
"../../../Engine/Content/EngineMaterials/DefaultLightFunctionMaterial.uexp" 545
"../../../Engine/Content/EngineMaterials/DefaultDeferredDecalMaterial.uasset" 546
"../../../Engine/Content/EngineMaterials/DefaultDeferredDecalMaterial.uexp" 547
"../../../Engine/Content/EngineMaterials/DefaultBokeh.uasset" 548
"../../../Engine/Content/EngineMaterials/DefaultBokeh.uexp" 549
"../../../Engine/Content/EngineMaterials/DefaultBloomKernel.uasset" 550
"../../../Engine/Content/EngineMaterials/DefaultBloomKernel.uexp" 551
"../../../Engine/Content/Functions/Engine_MaterialFunctions02/Utility/CameraDirectionVector.uasset" 552
"../../../Engine/Content/Functions/Engine_MaterialFunctions02/Utility/CameraDirectionVector.uexp" 553
"../../../Engine/Content/EngineDebugMaterials/VolumeToRender.uasset" 554
"../../../Engine/Content/EngineDebugMaterials/VolumeToRender.uexp" 555
"../../../Engine/Content/EngineDebugMaterials/M_VolumeRenderSphereTracePP.uasset" 556
"../../../Engine/Content/EngineDebugMaterials/M_VolumeRenderSphereTracePP.uexp" 557
"../../../Engine/Content/EngineDebugMaterials/M_SimpleUnlitTranslucent.uasset" 558
"../../../Engine/Content/EngineDebugMaterials/M_SimpleUnlitTranslucent.uexp" 559
"../../../Engine/Content/EngineDebugMaterials/DebugMeshMaterial.uasset" 560
"../../../Engine/Content/EngineDebugMaterials/DebugMeshMaterial.uexp" 561
"../../../Engine/Content/EngineDebugMaterials/DebugEditorMaterial.uasset" 562
"../../../Engine/Content/EngineDebugMaterials/DebugEditorMaterial.uexp" 563
"../../../Engine/Content/EngineDamageTypes/DmgTypeBP_Environmental.uasset" 564
"../../../Engine/Content/EngineDamageTypes/DmgTypeBP_Environmental.uexp" 565
"../../../Engine/Content/EditorResources/S_Terrain.ubulk" 566
"../../../Engine/Content/EditorResources/S_Terrain.uasset" 567
"../../../Engine/Content/EditorResources/S_Terrain.uexp" 568
"../../../Engine/Content/EditorResources/S_Solver.ubulk" 569
"../../../Engine/Content/EditorResources/S_Solver.uasset" 570
"../../../Engine/Content/EditorResources/S_Solver.uexp" 571
"../../../Engine/Content/EditorResources/EmptyActor.uasset" 572
"../../../Engine/Content/EditorResources/EmptyActor.uexp" 573
"../../../Engine/Content/EditorResources/BSPVertex.uasset" 574
"../../../Engine/Content/EditorResources/BSPVertex.uexp" 575
"../../../Engine/Content/EditorMaterials/PreviewShadowIndicator.ubulk" 576
"../../../Engine/Content/EditorMaterials/PreviewShadowIndicator.uasset" 577
"../../../Engine/Content/EditorMaterials/PreviewShadowIndicator.uexp" 578
"../../../Engine/Content/EditorMaterials/PreviewShadowIndicatorMaterial.uasset" 579
"../../../Engine/Content/EditorMaterials/PreviewShadowIndicatorMaterial.uexp" 580
"../../../Engine/Content/EditorMaterials/PhAT_UnselectedMaterial.uasset" 581
"../../../Engine/Content/EditorMaterials/PhAT_UnselectedMaterial.uexp" 582
"../../../Engine/Content/EditorMaterials/PhAT_NoCollisionMaterial.uasset" 583
"../../../Engine/Content/EditorMaterials/PhAT_NoCollisionMaterial.uexp" 584
"../../../Engine/Content/EditorLandscapeResources/SplineEditorMeshMat.uasset" 585
"../../../Engine/Content/EditorLandscapeResources/SplineEditorMeshMat.uexp" 586
"../../../Engine/Content/EditorLandscapeResources/SplineEditorMesh.ubulk" 587
"../../../Engine/Content/EditorLandscapeResources/SplineEditorMesh.uasset" 588
"../../../Engine/Content/EditorLandscapeResources/SplineEditorMesh.uexp" 589
"../../../Engine/Content/EditorLandscapeResources/DefaultAlphaTexture.uasset" 590
"../../../Engine/Content/EditorLandscapeResources/DefaultAlphaTexture.uexp" 591
"../../../Engine/Content/EngineMaterials/DefaultMaterial.uasset" 592
"../../../Engine/Content/EngineMaterials/DefaultMaterial.uexp" 593
"../../../Engine/Content/BasicShapes/Sphere.ubulk" 594
"../../../Engine/Content/BasicShapes/Sphere.uasset" 595
"../../../Engine/Content/BasicShapes/Sphere.uexp" 596
"../../../Engine/Content/BasicShapes/Plane.ubulk" 597
"../../../Engine/Content/BasicShapes/Plane.uasset" 598
"../../../Engine/Content/BasicShapes/Plane.uexp" 599
"../../../Engine/Content/BasicShapes/Cylinder.ubulk" 600
"../../../Engine/Content/BasicShapes/Cylinder.uasset" 601
"../../../Engine/Content/BasicShapes/Cylinder.uexp" 602
"../../../Engine/Content/BasicShapes/Cone.ubulk" 603
"../../../Engine/Content/BasicShapes/Cone.uasset" 604
"../../../Engine/Content/BasicShapes/Cone.uexp" 605
"../../../Engine/Content/BasicShapes/BasicShapeMaterial.uasset" 606
"../../../Engine/Content/BasicShapes/BasicShapeMaterial.uexp" 607
"../../../Engine/Content/EngineSky/VolumetricClouds/T_CloudMask.ubulk" 608
"../../../Engine/Content/EngineSky/VolumetricClouds/T_CloudMask.uasset" 609
"../../../Engine/Content/EngineSky/VolumetricClouds/T_CloudMask.uexp" 610
"../../../Engine/Content/EngineSky/VolumetricClouds/VT_Lightning.uasset" 611
"../../../Engine/Content/EngineSky/VolumetricClouds/VT_Lightning.uexp" 612
"../../../Engine/Content/EngineSky/VolumetricClouds/T_Profile_08.ubulk" 613
"../../../Engine/Content/EngineSky/VolumetricClouds/T_Profile_08.uasset" 614
"../../../Engine/Content/EngineSky/VolumetricClouds/T_Profile_08.uexp" 615
"../../../Engine/Content/Functions/Engine_MaterialFunctions02/Utility/MakeFloat4.uasset" 616
"../../../Engine/Content/Functions/Engine_MaterialFunctions02/Utility/MakeFloat4.uexp" 617
"../../../Engine/Content/Functions/Engine_MaterialFunctions01/Units/Km-to-Cm.uasset" 618
"../../../Engine/Content/Functions/Engine_MaterialFunctions01/Units/Km-to-Cm.uexp" 619
"../../../Engine/Content/Functions/Engine_MaterialFunctions02/Utility/BreakOutFloat4Components.uasset" 620
"../../../Engine/Content/Functions/Engine_MaterialFunctions02/Utility/BreakOutFloat4Components.uexp" 621
"../../../Engine/Content/EngineSky/VolumetricClouds/T_CloudPattern.ubulk" 622
"../../../Engine/Content/EngineSky/VolumetricClouds/T_CloudPattern.uasset" 623
"../../../Engine/Content/EngineSky/VolumetricClouds/T_CloudPattern.uexp" 624
"../../../Engine/Content/EngineSky/VolumetricClouds/VT_PerlinWorley_Balanced.uasset" 625
"../../../Engine/Content/EngineSky/VolumetricClouds/VT_PerlinWorley_Balanced.uexp" 626
"../../../Engine/Content/EngineSky/VolumetricClouds/m_SimpleVolumetricCloud.uasset" 627
"../../../Engine/Content/EngineSky/VolumetricClouds/m_SimpleVolumetricCloud.uexp" 628
"../../../Engine/Content/EngineSky/VolumetricClouds/m_SimpleVolumetricCloud_Inst.uasset" 629
"../../../Engine/Content/EngineSky/VolumetricClouds/m_SimpleVolumetricCloud_Inst.uexp" 630
"../../../Engine/Content/EngineResources/FilmGrains/Marcie_Grain_v3_128_M2_000.uasset" 631
"../../../Engine/Content/EngineResources/FilmGrains/Marcie_Grain_v3_128_M2_000.uexp" 632
"../../../Engine/Content/EngineMaterials/LTC/Sheen_LTC.uasset" 633
"../../../Engine/Content/EngineMaterials/LTC/Sheen_LTC.uexp" 634
"../../../Engine/Content/EngineMaterials/LTC/GGX_LTCMat.uasset" 635
"../../../Engine/Content/EngineMaterials/LTC/GGX_LTCMat.uexp" 636
"../../../Engine/Content/EngineMaterials/LTC/GGX_LTCAmp.uasset" 637
"../../../Engine/Content/EngineMaterials/LTC/GGX_LTCAmp.uexp" 638
"../../../Engine/Content/EngineMaterials/EnergyConservation/Sheen_Energy.uasset" 639
"../../../Engine/Content/EngineMaterials/EnergyConservation/Sheen_Energy.uexp" 640
"../../../Engine/Content/EngineMaterials/EnergyConservation/SheenLegacy_Energy.uasset" 641
"../../../Engine/Content/EngineMaterials/EnergyConservation/SheenLegacy_Energy.uexp" 642
"../../../Engine/Content/EngineMaterials/EnergyConservation/GGX_TransmissionEnergyArray.uasset" 643
"../../../Engine/Content/EngineMaterials/EnergyConservation/GGX_TransmissionEnergyArray.uexp" 644
"../../../Engine/Content/EngineMaterials/EnergyConservation/GGX_ReflectionEnergy.uasset" 645
"../../../Engine/Content/EngineMaterials/EnergyConservation/GGX_ReflectionEnergy.uexp" 646
"../../../Engine/Content/EngineMaterials/EnergyConservation/Diffuse_Energy.uasset" 647
"../../../Engine/Content/EngineMaterials/EnergyConservation/Diffuse_Energy.uexp" 648
"../../../Engine/Content/EditorResources/SequenceRecorder/RecordingIndicator.uasset" 649
"../../../Engine/Content/EditorResources/SequenceRecorder/RecordingIndicator.uexp" 650
"../../../Engine/Content/EditorResources/SequenceRecorder/Countdown.uasset" 651
"../../../Engine/Content/EditorResources/SequenceRecorder/Countdown.uexp" 652
"../../../Engine/Content/EditorMaterials/Camera/CineMat.uasset" 653
"../../../Engine/Content/EditorMaterials/Camera/CineMat.uexp" 654
"../../../Engine/Content/EditorMaterials/Camera/MI_CineMat_Rig.uasset" 655
"../../../Engine/Content/EditorMaterials/Camera/MI_CineMat_Rig.uexp" 656
"../../../Engine/Content/EditorMeshes/Camera/SM_RailRig_Track.ubulk" 657
"../../../Engine/Content/EditorMeshes/Camera/SM_RailRig_Track.uasset" 658
"../../../Engine/Content/EditorMeshes/Camera/SM_RailRig_Track.uexp" 659
"../../../Engine/Content/EditorMeshes/Camera/SM_RailRig_Mount.ubulk" 660
"../../../Engine/Content/EditorMeshes/Camera/SM_RailRig_Mount.uasset" 661
"../../../Engine/Content/EditorMeshes/Camera/SM_RailRig_Mount.uexp" 662
"../../../Engine/Content/EditorMeshes/Camera/SM_CraneRig_Mount.ubulk" 663
"../../../Engine/Content/EditorMeshes/Camera/SM_CraneRig_Mount.uasset" 664
"../../../Engine/Content/EditorMeshes/Camera/SM_CraneRig_Mount.uexp" 665
"../../../Engine/Content/EditorMeshes/Camera/SM_CraneRig_Body.ubulk" 666
"../../../Engine/Content/EditorMeshes/Camera/SM_CraneRig_Body.uasset" 667
"../../../Engine/Content/EditorMeshes/Camera/SM_CraneRig_Body.uexp" 668
"../../../Engine/Content/EditorMeshes/Camera/SM_CraneRig_Base.ubulk" 669
"../../../Engine/Content/EditorMeshes/Camera/SM_CraneRig_Base.uasset" 670
"../../../Engine/Content/EditorMeshes/Camera/SM_CraneRig_Base.uexp" 671
"../../../Engine/Content/EditorMeshes/Camera/SM_CraneRig_Arm.ubulk" 672
"../../../Engine/Content/EditorMeshes/Camera/SM_CraneRig_Arm.uasset" 673
"../../../Engine/Content/EditorMeshes/Camera/SM_CraneRig_Arm.uexp" 674
"../../../Engine/Content/EditorMaterials/ParticleSystems/PSysThumbnail_OOD.ubulk" 675
"../../../Engine/Content/EditorMaterials/ParticleSystems/PSysThumbnail_OOD.uasset" 676
"../../../Engine/Content/EditorMaterials/ParticleSystems/PSysThumbnail_OOD.uexp" 677
"../../../Engine/Content/EditorMaterials/ParticleSystems/PSysThumbnail_NoImage.ubulk" 678
"../../../Engine/Content/EditorMaterials/ParticleSystems/PSysThumbnail_NoImage.uasset" 679
"../../../Engine/Content/EditorMaterials/ParticleSystems/PSysThumbnail_NoImage.uexp" 680
"../../../Engine/Content/EditorMaterials/Dataflow/DataflowVertexMaterial.uasset" 681
"../../../Engine/Content/EditorMaterials/Dataflow/DataflowVertexMaterial.uexp" 682
"../../../Engine/Content/EditorMaterials/Dataflow/DataflowTwoSidedVertexMaterial.uasset" 683
"../../../Engine/Content/EditorMaterials/Dataflow/DataflowTwoSidedVertexMaterial.uexp" 684
"../../../Engine/Plugins/Interchange/Assets/Content/gltf/Textures/T_White_srgb.uasset" 685
"../../../Engine/Plugins/Interchange/Assets/Content/gltf/Textures/T_White_srgb.uexp" 686
"../../../Engine/Plugins/Interchange/Assets/Content/gltf/MaterialFunctions/MF_BaseColor.uasset" 687
"../../../Engine/Plugins/Interchange/Assets/Content/gltf/MaterialFunctions/MF_BaseColor.uexp" 688
"../../../Engine/Plugins/Interchange/Assets/Content/gltf/MaterialFunctions/MF_RotateV2.uasset" 689
"../../../Engine/Plugins/Interchange/Assets/Content/gltf/MaterialFunctions/MF_RotateV2.uexp" 690
"../../../Engine/Plugins/Interchange/Assets/Content/gltf/MaterialFunctions/MF_TransformUVs.uasset" 691
"../../../Engine/Plugins/Interchange/Assets/Content/gltf/MaterialFunctions/MF_TransformUVs.uexp" 692
"../../../Engine/Plugins/Interchange/Assets/Content/gltf/MaterialBodies/MF_Unlit_Body.uasset" 693
"../../../Engine/Plugins/Interchange/Assets/Content/gltf/MaterialBodies/MF_Unlit_Body.uexp" 694
"../../../Engine/Plugins/Interchange/Assets/Content/gltf/M_Unlit.uasset" 695
"../../../Engine/Plugins/Interchange/Assets/Content/gltf/M_Unlit.uexp" 696
"../../../Engine/Plugins/Interchange/Assets/Content/gltf/MaterialInstances/MI_Unlit_Opaque_DS.uasset" 697
"../../../Engine/Plugins/Interchange/Assets/Content/gltf/MaterialInstances/MI_Unlit_Opaque_DS.uexp" 698
"../../../Engine/Plugins/Interchange/Assets/Content/gltf/MaterialInstances/MI_Unlit_Opaque.uasset" 699
"../../../Engine/Plugins/Interchange/Assets/Content/gltf/MaterialInstances/MI_Unlit_Opaque.uexp" 700
"../../../Engine/Plugins/Interchange/Assets/Content/gltf/MaterialInstances/MI_Unlit_Mask_DS.uasset" 701
"../../../Engine/Plugins/Interchange/Assets/Content/gltf/MaterialInstances/MI_Unlit_Mask_DS.uexp" 702
"../../../Engine/Plugins/Interchange/Assets/Content/gltf/MaterialInstances/MI_Unlit_Mask.uasset" 703
"../../../Engine/Plugins/Interchange/Assets/Content/gltf/MaterialInstances/MI_Unlit_Mask.uexp" 704
"../../../Engine/Plugins/Interchange/Assets/Content/gltf/MaterialInstances/MI_Unlit_Blend_DS.uasset" 705
"../../../Engine/Plugins/Interchange/Assets/Content/gltf/MaterialInstances/MI_Unlit_Blend_DS.uexp" 706
"../../../Engine/Plugins/Interchange/Assets/Content/gltf/MaterialInstances/MI_Unlit_Blend.uasset" 707
"../../../Engine/Plugins/Interchange/Assets/Content/gltf/MaterialInstances/MI_Unlit_Blend.uexp" 708
"../../../Engine/Content/Functions/Engine_MaterialFunctions02/Math/Transform3x3Matrix.uasset" 709
"../../../Engine/Content/Functions/Engine_MaterialFunctions02/Math/Transform3x3Matrix.uexp" 710
"../../../Engine/Content/EngineMaterials/Good64x64TilingNoiseHighFreq.uasset" 711
"../../../Engine/Content/EngineMaterials/Good64x64TilingNoiseHighFreq.uexp" 712
"../../../Engine/Content/Functions/Engine_MaterialFunctions02/Texturing/ScreenAlignedPixelToPixelUVs.uasset" 713
"../../../Engine/Content/Functions/Engine_MaterialFunctions02/Texturing/ScreenAlignedPixelToPixelUVs.uexp" 714
"../../../Engine/Plugins/Interchange/Assets/Content/gltf/MaterialFunctions/MF_Temporal_Blur.uasset" 715
"../../../Engine/Plugins/Interchange/Assets/Content/gltf/MaterialFunctions/MF_Temporal_Blur.uexp" 716
"../../../Engine/Plugins/Interchange/Assets/Content/gltf/MaterialFunctions/MF_Specular.uasset" 717
"../../../Engine/Plugins/Interchange/Assets/Content/gltf/MaterialFunctions/MF_Specular.uexp" 718
"../../../Engine/Plugins/Interchange/Assets/Content/gltf/Textures/T_Anisotropy_Direction_Linear.uasset" 719
"../../../Engine/Plugins/Interchange/Assets/Content/gltf/Textures/T_Anisotropy_Direction_Linear.uexp" 720
"../../../Engine/Plugins/Interchange/Assets/Content/gltf/MaterialFunctions/MF_SpecularAnisotropy.uasset" 721
"../../../Engine/Plugins/Interchange/Assets/Content/gltf/MaterialFunctions/MF_SpecularAnisotropy.uexp" 722
"../../../Engine/Plugins/Interchange/Assets/Content/gltf/Textures/T_White_Linear.uasset" 723
"../../../Engine/Plugins/Interchange/Assets/Content/gltf/Textures/T_White_Linear.uexp" 724
"../../../Engine/Plugins/Interchange/Assets/Content/gltf/MaterialFunctions/MF_MetallicRoughness.uasset" 725
"../../../Engine/Plugins/Interchange/Assets/Content/gltf/MaterialFunctions/MF_MetallicRoughness.uexp" 726
"../../../Engine/Plugins/Interchange/Assets/Content/gltf/Textures/T_Generic_N.uasset" 727
"../../../Engine/Plugins/Interchange/Assets/Content/gltf/Textures/T_Generic_N.uexp" 728
"../../../Engine/Plugins/Interchange/Assets/Content/gltf/MaterialFunctions/MF_ScaleNormal.uasset" 729
"../../../Engine/Plugins/Interchange/Assets/Content/gltf/MaterialFunctions/MF_ScaleNormal.uexp" 730
"../../../Engine/Plugins/Interchange/Assets/Content/gltf/MaterialFunctions/MF_Fresnel_DS.uasset" 731
"../../../Engine/Plugins/Interchange/Assets/Content/gltf/MaterialFunctions/MF_Fresnel_DS.uexp" 732
"../../../Engine/Plugins/Interchange/Assets/Content/gltf/MaterialFunctions/MF_Iridescence.uasset" 733
"../../../Engine/Plugins/Interchange/Assets/Content/gltf/MaterialFunctions/MF_Iridescence.uexp" 734
"../../../Engine/Plugins/Interchange/Assets/Content/gltf/MaterialFunctions/MF_Occlusion.uasset" 735
"../../../Engine/Plugins/Interchange/Assets/Content/gltf/MaterialFunctions/MF_Occlusion.uexp" 736
"../../../Engine/Plugins/Interchange/Assets/Content/gltf/MaterialFunctions/MF_IOR.uasset" 737
"../../../Engine/Plugins/Interchange/Assets/Content/gltf/MaterialFunctions/MF_IOR.uexp" 738
"../../../Engine/Plugins/Interchange/Assets/Content/gltf/MaterialFunctions/MF_Transmission.uasset" 739
"../../../Engine/Plugins/Interchange/Assets/Content/gltf/MaterialFunctions/MF_Transmission.uexp" 740
"../../../Engine/Plugins/Interchange/Assets/Content/gltf/MaterialFunctions/MF_RotateNormals_TS.uasset" 741
"../../../Engine/Plugins/Interchange/Assets/Content/gltf/MaterialFunctions/MF_RotateNormals_TS.uexp" 742
"../../../Engine/Plugins/Interchange/Assets/Content/gltf/MaterialFunctions/MF_Normals.uasset" 743
"../../../Engine/Plugins/Interchange/Assets/Content/gltf/MaterialFunctions/MF_Normals.uexp" 744
"../../../Engine/Plugins/Interchange/Assets/Content/gltf/MaterialBodies/MF_Transmission_Body.uasset" 745
"../../../Engine/Plugins/Interchange/Assets/Content/gltf/MaterialBodies/MF_Transmission_Body.uexp" 746
"../../../Engine/Plugins/Interchange/Assets/Content/gltf/M_Transmission.uasset" 747
"../../../Engine/Plugins/Interchange/Assets/Content/gltf/M_Transmission.uexp" 748
"../../../Engine/Plugins/Interchange/Assets/Content/gltf/MaterialInstances/MI_Transmission_DS.uasset" 749
"../../../Engine/Plugins/Interchange/Assets/Content/gltf/MaterialInstances/MI_Transmission_DS.uexp" 750
"../../../Engine/Plugins/Interchange/Assets/Content/gltf/MaterialInstances/MI_Transmission.uasset" 751
"../../../Engine/Plugins/Interchange/Assets/Content/gltf/MaterialInstances/MI_Transmission.uexp" 752
"../../../Engine/Content/Functions/Engine_MaterialFunctions02/Math/AddComponents.uasset" 753
"../../../Engine/Content/Functions/Engine_MaterialFunctions02/Math/AddComponents.uexp" 754
"../../../Engine/Plugins/Interchange/Assets/Content/gltf/MaterialFunctions/MF_DiffuseSpecGloss.uasset" 755
"../../../Engine/Plugins/Interchange/Assets/Content/gltf/MaterialFunctions/MF_DiffuseSpecGloss.uexp" 756
"../../../Engine/Plugins/Interchange/Assets/Content/gltf/MaterialFunctions/MF_Emissive.uasset" 757
"../../../Engine/Plugins/Interchange/Assets/Content/gltf/MaterialFunctions/MF_Emissive.uexp" 758
"../../../Engine/Plugins/Interchange/Assets/Content/gltf/MaterialFunctions/MF_PerceivedBrightness.uasset" 759
"../../../Engine/Plugins/Interchange/Assets/Content/gltf/MaterialFunctions/MF_PerceivedBrightness.uexp" 760
"../../../Engine/Plugins/Interchange/Assets/Content/gltf/MaterialFunctions/MF_SpecGlossToMetalRoughness.uasset" 761
"../../../Engine/Plugins/Interchange/Assets/Content/gltf/MaterialFunctions/MF_SpecGlossToMetalRoughness.uexp" 762
"../../../Engine/Plugins/Interchange/Assets/Content/gltf/MaterialFunctions/MF_MaxComponentValue.uasset" 763
"../../../Engine/Plugins/Interchange/Assets/Content/gltf/MaterialFunctions/MF_MaxComponentValue.uexp" 764
"../../../Engine/Plugins/Interchange/Assets/Content/gltf/MaterialBodies/MF_SpecularGlossiness_Body.uasset" 765
"../../../Engine/Plugins/Interchange/Assets/Content/gltf/MaterialBodies/MF_SpecularGlossiness_Body.uexp" 766
"../../../Engine/Plugins/Interchange/Assets/Content/gltf/M_SpecularGlossiness.uasset" 767
"../../../Engine/Plugins/Interchange/Assets/Content/gltf/M_SpecularGlossiness.uexp" 768
"../../../Engine/Plugins/Interchange/Assets/Content/gltf/MaterialInstances/MI_SpecularGlossiness_Opaque_DS.uasset" 769
"../../../Engine/Plugins/Interchange/Assets/Content/gltf/MaterialInstances/MI_SpecularGlossiness_Opaque_DS.uexp" 770
"../../../Engine/Plugins/Interchange/Assets/Content/gltf/MaterialInstances/MI_SpecularGlossiness_Opaque.uasset" 771
"../../../Engine/Plugins/Interchange/Assets/Content/gltf/MaterialInstances/MI_SpecularGlossiness_Opaque.uexp" 772
"../../../Engine/Plugins/Interchange/Assets/Content/gltf/MaterialInstances/MI_SpecularGlossiness_Mask_DS.uasset" 773
"../../../Engine/Plugins/Interchange/Assets/Content/gltf/MaterialInstances/MI_SpecularGlossiness_Mask_DS.uexp" 774
"../../../Engine/Plugins/Interchange/Assets/Content/gltf/MaterialInstances/MI_SpecularGlossiness_Mask.uasset" 775
"../../../Engine/Plugins/Interchange/Assets/Content/gltf/MaterialInstances/MI_SpecularGlossiness_Mask.uexp" 776
"../../../Engine/Plugins/Interchange/Assets/Content/gltf/MaterialInstances/MI_SpecularGlossiness_Blend_DS.uasset" 777
"../../../Engine/Plugins/Interchange/Assets/Content/gltf/MaterialInstances/MI_SpecularGlossiness_Blend_DS.uexp" 778
"../../../Engine/Plugins/Interchange/Assets/Content/gltf/MaterialInstances/MI_SpecularGlossiness_Blend.uasset" 779
"../../../Engine/Plugins/Interchange/Assets/Content/gltf/MaterialInstances/MI_SpecularGlossiness_Blend.uexp" 780
"../../../Engine/Plugins/Interchange/Assets/Content/gltf/MaterialFunctions/MF_Sheen.uasset" 781
"../../../Engine/Plugins/Interchange/Assets/Content/gltf/MaterialFunctions/MF_Sheen.uexp" 782
"../../../Engine/Plugins/Interchange/Assets/Content/gltf/MaterialBodies/MF_Sheen_Body.uasset" 783
"../../../Engine/Plugins/Interchange/Assets/Content/gltf/MaterialBodies/MF_Sheen_Body.uexp" 784
"../../../Engine/Plugins/Interchange/Assets/Content/gltf/M_Sheen.uasset" 785
"../../../Engine/Plugins/Interchange/Assets/Content/gltf/M_Sheen.uexp" 786
"../../../Engine/Plugins/Interchange/Assets/Content/gltf/MaterialInstances/MI_Sheen_Opaque_DS.uasset" 787
"../../../Engine/Plugins/Interchange/Assets/Content/gltf/MaterialInstances/MI_Sheen_Opaque_DS.uexp" 788
"../../../Engine/Plugins/Interchange/Assets/Content/gltf/MaterialInstances/MI_Sheen_Opaque.uasset" 789
"../../../Engine/Plugins/Interchange/Assets/Content/gltf/MaterialInstances/MI_Sheen_Opaque.uexp" 790
"../../../Engine/Plugins/Interchange/Assets/Content/gltf/MaterialInstances/MI_Sheen_Mask_DS.uasset" 791
"../../../Engine/Plugins/Interchange/Assets/Content/gltf/MaterialInstances/MI_Sheen_Mask_DS.uexp" 792
"../../../Engine/Plugins/Interchange/Assets/Content/gltf/MaterialInstances/MI_Sheen_Mask.uasset" 793
"../../../Engine/Plugins/Interchange/Assets/Content/gltf/MaterialInstances/MI_Sheen_Mask.uexp" 794
"../../../Engine/Plugins/Interchange/Assets/Content/gltf/MaterialInstances/MI_Sheen_Blend_DS.uasset" 795
"../../../Engine/Plugins/Interchange/Assets/Content/gltf/MaterialInstances/MI_Sheen_Blend_DS.uexp" 796
"../../../Engine/Plugins/Interchange/Assets/Content/gltf/MaterialInstances/MI_Sheen_Blend.uasset" 797
"../../../Engine/Plugins/Interchange/Assets/Content/gltf/MaterialInstances/MI_Sheen_Blend.uexp" 798
"../../../Engine/Plugins/Interchange/Assets/Content/gltf/MaterialBodies/MF_Default_Body.uasset" 799
"../../../Engine/Plugins/Interchange/Assets/Content/gltf/MaterialBodies/MF_Default_Body.uexp" 800
"../../../Engine/Plugins/Interchange/Assets/Content/gltf/M_Default.uasset" 801
"../../../Engine/Plugins/Interchange/Assets/Content/gltf/M_Default.uexp" 802
"../../../Engine/Plugins/Interchange/Assets/Content/gltf/MaterialInstances/MI_Default_Opaque.uasset" 803
"../../../Engine/Plugins/Interchange/Assets/Content/gltf/MaterialInstances/MI_Default_Opaque.uexp" 804
"../../../Engine/Plugins/Interchange/Assets/Content/gltf/MaterialInstances/MI_Default_Mask_DS.uasset" 805
"../../../Engine/Plugins/Interchange/Assets/Content/gltf/MaterialInstances/MI_Default_Mask_DS.uexp" 806
"../../../Engine/Plugins/Interchange/Assets/Content/gltf/MaterialInstances/MI_Default_Mask.uasset" 807
"../../../Engine/Plugins/Interchange/Assets/Content/gltf/MaterialInstances/MI_Default_Mask.uexp" 808
"../../../Engine/Plugins/Interchange/Assets/Content/gltf/MaterialInstances/MI_Default_Blend.uasset" 809
"../../../Engine/Plugins/Interchange/Assets/Content/gltf/MaterialInstances/MI_Default_Blend.uexp" 810
"../../../Engine/Content/Functions/Engine_MaterialFunctions01/Texturing/FlattenNormal.uasset" 811
"../../../Engine/Content/Functions/Engine_MaterialFunctions01/Texturing/FlattenNormal.uexp" 812
"../../../Engine/Plugins/Interchange/Assets/Content/gltf/MaterialFunctions/MF_Clearcoat.uasset" 813
"../../../Engine/Plugins/Interchange/Assets/Content/gltf/MaterialFunctions/MF_Clearcoat.uexp" 814
"../../../Engine/Plugins/Interchange/Assets/Content/gltf/MaterialBodies/MF_ClearCoat_Body.uasset" 815
"../../../Engine/Plugins/Interchange/Assets/Content/gltf/MaterialBodies/MF_ClearCoat_Body.uexp" 816
"../../../Engine/Plugins/Interchange/Assets/Content/gltf/M_ClearCoat.uasset" 817
"../../../Engine/Plugins/Interchange/Assets/Content/gltf/M_ClearCoat.uexp" 818
"../../../Engine/Plugins/Interchange/Assets/Content/gltf/MaterialInstances/MI_ClearCoat_Opaque_DS.uasset" 819
"../../../Engine/Plugins/Interchange/Assets/Content/gltf/MaterialInstances/MI_ClearCoat_Opaque_DS.uexp" 820
"../../../Engine/Plugins/Interchange/Assets/Content/gltf/MaterialInstances/MI_ClearCoat_Opaque.uasset" 821
"../../../Engine/Plugins/Interchange/Assets/Content/gltf/MaterialInstances/MI_ClearCoat_Opaque.uexp" 822
"../../../Engine/Plugins/Interchange/Assets/Content/gltf/MaterialInstances/MI_ClearCoat_Mask_DS.uasset" 823
"../../../Engine/Plugins/Interchange/Assets/Content/gltf/MaterialInstances/MI_ClearCoat_Mask_DS.uexp" 824
"../../../Engine/Plugins/Interchange/Assets/Content/gltf/MaterialInstances/MI_ClearCoat_Mask.uasset" 825
"../../../Engine/Plugins/Interchange/Assets/Content/gltf/MaterialInstances/MI_ClearCoat_Mask.uexp" 826
"../../../Engine/Plugins/Interchange/Assets/Content/gltf/MaterialInstances/MI_ClearCoat_Blend_DS.uasset" 827
"../../../Engine/Plugins/Interchange/Assets/Content/gltf/MaterialInstances/MI_ClearCoat_Blend_DS.uexp" 828
"../../../Engine/Plugins/Interchange/Assets/Content/gltf/MaterialInstances/MI_ClearCoat_Blend.uasset" 829
"../../../Engine/Plugins/Interchange/Assets/Content/gltf/MaterialInstances/MI_ClearCoat_Blend.uexp" 830
"../../../Engine/Content/VREditor/TransformGizmo/Main.uasset" 831
"../../../Engine/Content/VREditor/TransformGizmo/Main.uexp" 832
"../../../Engine/Content/VREditor/TransformGizmo/Xray.uasset" 833
"../../../Engine/Content/VREditor/TransformGizmo/Xray.uexp" 834
"../../../Engine/Content/VREditor/TransformGizmo/SM_Sequencer_Node.ubulk" 835
"../../../Engine/Content/VREditor/TransformGizmo/SM_Sequencer_Node.uasset" 836
"../../../Engine/Content/VREditor/TransformGizmo/SM_Sequencer_Node.uexp" 837
"../../../Engine/Content/VREditor/LaserPointer/VR_LaserPower_01.ubulk" 838
"../../../Engine/Content/VREditor/LaserPointer/VR_LaserPower_01.uasset" 839
"../../../Engine/Content/VREditor/LaserPointer/VR_LaserPower_01.uexp" 840
"../../../Engine/Content/VREditor/TransformGizmo/TransformGizmoMaterial.uasset" 841
"../../../Engine/Content/VREditor/TransformGizmo/TransformGizmoMaterial.uexp" 842
"../../../Engine/Content/VREditor/TransformGizmo/TranslucentTransformGizmoMaterial.uasset" 843
"../../../Engine/Content/VREditor/TransformGizmo/TranslucentTransformGizmoMaterial.uexp" 844
"../../../Engine/Content/VREditor/TransformGizmo/BoundingBoxEdge.ubulk" 845
"../../../Engine/Content/VREditor/TransformGizmo/BoundingBoxEdge.uasset" 846
"../../../Engine/Content/VREditor/TransformGizmo/BoundingBoxEdge.uexp" 847
"../../../Engine/Content/VREditor/TransformGizmo/BoundingBoxCorner.ubulk" 848
"../../../Engine/Content/VREditor/TransformGizmo/BoundingBoxCorner.uasset" 849
"../../../Engine/Content/VREditor/TransformGizmo/BoundingBoxCorner.uexp" 850
"../../../Engine/Content/Functions/Engine_MaterialFunctions01/Shading/PowerToRoughness.uasset" 851
"../../../Engine/Content/Functions/Engine_MaterialFunctions01/Shading/PowerToRoughness.uexp" 852
"../../../Engine/Content/Functions/Engine_MaterialFunctions01/Shading/ConvertFromDiffSpec.uasset" 853
"../../../Engine/Content/Functions/Engine_MaterialFunctions01/Shading/ConvertFromDiffSpec.uexp" 854
"../../../Engine/Content/EngineMaterials/Substrate/Volume/SubstrateSimpleVolumeLUT3D.uasset" 855
"../../../Engine/Content/EngineMaterials/Substrate/Volume/SubstrateSimpleVolumeLUT3D.uexp" 856
"../../../Engine/Content/EngineMaterials/Substrate/Volume/SubstrateSimpleVolumeEnvLUT3D.uasset" 857
"../../../Engine/Content/EngineMaterials/Substrate/Volume/SubstrateSimpleVolumeEnvLUT3D.uexp" 858
"../../../Engine/Content/EngineMaterials/Substrate/GLints2/AGlintTex2dArray2.uasset" 859
"../../../Engine/Content/EngineMaterials/Substrate/GLints2/AGlintTex2dArray2.uexp" 860
"../../../Engine/Content/EngineMaterials/Substrate/GLints/AGlintTex2dArray.uasset" 861
"../../../Engine/Content/EngineMaterials/Substrate/GLints/AGlintTex2dArray.uexp" 862
"../../../Engine/Content/ArtTools/RenderToTexture/Meshes/S_1_Unit_Plane.ubulk" 863
"../../../Engine/Content/ArtTools/RenderToTexture/Meshes/S_1_Unit_Plane.uasset" 864
"../../../Engine/Content/ArtTools/RenderToTexture/Meshes/S_1_Unit_Plane.uexp" 865
"../../../Engine/Plugins/NNE/NNEDenoiser/Content/NNE_oidn2-3-0_rt_hdr_calb_cnrm_large__dyn__fp16_opset11_ForwardAlpha.uasset" 866
"../../../Engine/Plugins/NNE/NNEDenoiser/Content/NNE_oidn2-3-0_rt_hdr_calb_cnrm_large__dyn__fp16_opset11_ForwardAlpha.uexp" 867
"../../../Engine/Plugins/NNE/NNEDenoiser/Content/NNE_oidn2-3-0_rt_hdr_calb_cnrm_large__dyn__fp16_opset11_DenoiseAlpha.uasset" 868
"../../../Engine/Plugins/NNE/NNEDenoiser/Content/NNE_oidn2-3-0_rt_hdr_calb_cnrm_large__dyn__fp16_opset11_DenoiseAlpha.uexp" 869
"../../../Engine/Plugins/NNE/NNEDenoiser/Content/NNE_oidn2-3-0_rt_hdr_alb_nrm__dyn__fp16_opset11_ForwardAlpha.uasset" 870
"../../../Engine/Plugins/NNE/NNEDenoiser/Content/NNE_oidn2-3-0_rt_hdr_alb_nrm__dyn__fp16_opset11_ForwardAlpha.uexp" 871
"../../../Engine/Plugins/NNE/NNEDenoiser/Content/NNE_oidn2-3-0_rt_hdr_alb_nrm__dyn__fp16_opset11_DenoiseAlpha.uasset" 872
"../../../Engine/Plugins/NNE/NNEDenoiser/Content/NNE_oidn2-3-0_rt_hdr_alb_nrm__dyn__fp16_opset11_DenoiseAlpha.uexp" 873
"../../../Engine/Plugins/NNE/NNEDenoiser/Content/NNE_oidn2-3-0_rt_hdr_alb_nrm_small__dyn__fp16_opset11_ForwardAlpha.uasset" 874
"../../../Engine/Plugins/NNE/NNEDenoiser/Content/NNE_oidn2-3-0_rt_hdr_alb_nrm_small__dyn__fp16_opset11_ForwardAlpha.uexp" 875
"../../../Engine/Plugins/NNE/NNEDenoiser/Content/NNE_oidn2-3-0_rt_hdr_alb_nrm_small__dyn__fp16_opset11_DenoiseAlpha.uasset" 876
"../../../Engine/Plugins/NNE/NNEDenoiser/Content/NNE_oidn2-3-0_rt_hdr_alb_nrm_small__dyn__fp16_opset11_DenoiseAlpha.uexp" 877
"../../../Engine/Plugins/NNE/NNEDenoiser/Content/NNED_Oidn2-3_HighQuality_Alpha.uasset" 878
"../../../Engine/Plugins/NNE/NNEDenoiser/Content/NNED_Oidn2-3_HighQuality_Alpha.uexp" 879
"../../../Engine/Plugins/NNE/NNEDenoiser/Content/NNED_Oidn2-3_HighQuality.uasset" 880
"../../../Engine/Plugins/NNE/NNEDenoiser/Content/NNED_Oidn2-3_HighQuality.uexp" 881
"../../../Engine/Plugins/NNE/NNEDenoiser/Content/NNED_Oidn2-3_Fast_Alpha.uasset" 882
"../../../Engine/Plugins/NNE/NNEDenoiser/Content/NNED_Oidn2-3_Fast_Alpha.uexp" 883
"../../../Engine/Plugins/NNE/NNEDenoiser/Content/NNED_Oidn2-3_Fast.uasset" 884
"../../../Engine/Plugins/NNE/NNEDenoiser/Content/NNED_Oidn2-3_Fast.uexp" 885
"../../../Engine/Plugins/NNE/NNEDenoiser/Content/NNED_Oidn2-3_Balanced_Alpha.uasset" 886
"../../../Engine/Plugins/NNE/NNEDenoiser/Content/NNED_Oidn2-3_Balanced_Alpha.uexp" 887
"../../../Engine/Plugins/NNE/NNEDenoiser/Content/NNED_Oidn2-3_Balanced.uasset" 888
"../../../Engine/Plugins/NNE/NNEDenoiser/Content/NNED_Oidn2-3_Balanced.uexp" 889
"../../../Engine/Plugins/NNE/NNEDenoiser/Content/NNEDT_Oidn2-3_Balanced_Alpha.uasset" 890
"../../../Engine/Plugins/NNE/NNEDenoiser/Content/NNEDT_Oidn2-3_Balanced_Alpha.uexp" 891
"../../../Engine/Plugins/NNE/NNEDenoiser/Content/NNEDT_Oidn2-3_Balanced.uasset" 892
"../../../Engine/Plugins/NNE/NNEDenoiser/Content/NNEDT_Oidn2-3_Balanced.uexp" 893
"../../../Engine/Plugins/Animation/DeformerGraph/Content/Deformers/DG_LinearBlendSkin_Morph_Cloth_RecomputeNormals.uasset" 894
"../../../Engine/Plugins/Animation/DeformerGraph/Content/Deformers/DG_LinearBlendSkin_Morph_Cloth_RecomputeNormals.uexp" 895
"../../../Engine/Plugins/Animation/DeformerGraph/Content/Deformers/DG_LinearBlendSkin_Morph_Cloth.uasset" 896
"../../../Engine/Plugins/Animation/DeformerGraph/Content/Deformers/DG_LinearBlendSkin_Morph_Cloth.uexp" 897
"../../../Engine/Plugins/Animation/DeformerGraph/Content/DeformerFunctions/DG_Function_LinearBlendSkin_Morph_Cloth_PositionOnly.uasset" 898
"../../../Engine/Plugins/Animation/DeformerGraph/Content/DeformerFunctions/DG_Function_LinearBlendSkin_Morph_Cloth_PositionOnly.uexp" 899
"../../../Engine/Plugins/Animation/DeformerGraph/Content/DeformerFunctions/DG_Function_LinearBlendSkin_Morph_Cloth.uasset" 900
"../../../Engine/Plugins/Animation/DeformerGraph/Content/DeformerFunctions/DG_Function_LinearBlendSkin_Morph_Cloth.uexp" 901
"../../../Engine/Plugins/Animation/DeformerGraph/Content/DeformerFunctions/DG_Function_ComputeNormalsTangents.uasset" 902
"../../../Engine/Plugins/Animation/DeformerGraph/Content/DeformerFunctions/DG_Function_ComputeNormalsTangents.uexp" 903
"../../../Engine/Content/VREditor/TransformGizmo/StartRotationHandleIndicator.ubulk" 904
"../../../Engine/Content/VREditor/TransformGizmo/StartRotationHandleIndicator.uasset" 905
"../../../Engine/Content/VREditor/TransformGizmo/StartRotationHandleIndicator.uexp" 906
"../../../Engine/Content/VREditor/Sounds/UI/Drop_Item_From_ContentBrowser.ubulk" 907
"../../../Engine/Content/VREditor/Sounds/UI/Drop_Item_From_ContentBrowser.uasset" 908
"../../../Engine/Content/VREditor/Sounds/UI/Drop_Item_From_ContentBrowser.uexp" 909
"../../../Engine/Content/VREditor/TransformGizmo/PlaneTranslationHandle.ubulk" 910
"../../../Engine/Content/VREditor/TransformGizmo/PlaneTranslationHandle.uasset" 911
"../../../Engine/Content/VREditor/TransformGizmo/PlaneTranslationHandle.uexp" 912
"../../../Engine/Content/VREditor/Sounds/UI/Object_Snaps_To_Grid.ubulk" 913
"../../../Engine/Content/VREditor/Sounds/UI/Object_Snaps_To_Grid.uasset" 914
"../../../Engine/Content/VREditor/Sounds/UI/Object_Snaps_To_Grid.uexp" 915
"../../../Engine/Content/VREditor/Sounds/UI/Selection_Changes.ubulk" 916
"../../../Engine/Content/VREditor/Sounds/UI/Selection_Changes.uasset" 917
"../../../Engine/Content/VREditor/Sounds/UI/Selection_Changes.uexp" 918
"../../../Engine/Content/VREditor/Sounds/UI/Object_Snaps_To_Another_Actor.ubulk" 919
"../../../Engine/Content/VREditor/Sounds/UI/Object_Snaps_To_Another_Actor.uasset" 920
"../../../Engine/Content/VREditor/Sounds/UI/Object_Snaps_To_Another_Actor.uexp" 921
"../../../Engine/Content/VREditor/TransformGizmo/TranslucentTransformGizmoMaterial_Inst.uasset" 922
"../../../Engine/Content/VREditor/TransformGizmo/TranslucentTransformGizmoMaterial_Inst.uexp" 923
"../../../Engine/Content/VREditor/TransformGizmo/TransformGizmoFreeRotation.ubulk" 924
"../../../Engine/Content/VREditor/TransformGizmo/TransformGizmoFreeRotation.uasset" 925
"../../../Engine/Content/VREditor/TransformGizmo/TransformGizmoFreeRotation.uexp" 926
"../../../Engine/Content/VREditor/Sounds/UI/Scaling_Down.ubulk" 927
"../../../Engine/Content/VREditor/Sounds/UI/Scaling_Down.uasset" 928
"../../../Engine/Content/VREditor/Sounds/UI/Scaling_Down.uexp" 929
"../../../Engine/Content/Functions/Engine_MaterialFunctions02/SplitComponents.uasset" 930
"../../../Engine/Content/Functions/Engine_MaterialFunctions02/SplitComponents.uexp" 931
"../../../Engine/Content/VREditor/SnapGrid/SnapGridMaterial.uasset" 932
"../../../Engine/Content/VREditor/SnapGrid/SnapGridMaterial.uexp" 933
"../../../Engine/Content/VREditor/SnapGrid/SnapGridPlaneMesh.ubulk" 934
"../../../Engine/Content/VREditor/SnapGrid/SnapGridPlaneMesh.uasset" 935
"../../../Engine/Content/VREditor/SnapGrid/SnapGridPlaneMesh.uexp" 936
"../../../Engine/Content/VREditor/Sounds/UI/Scaling_Up.ubulk" 937
"../../../Engine/Content/VREditor/Sounds/UI/Scaling_Up.uasset" 938
"../../../Engine/Content/VREditor/Sounds/UI/Scaling_Up.uexp" 939
"../../../Engine/Content/VREditor/TransformGizmo/TransformGizmoMaterial_Inst.uasset" 940
"../../../Engine/Content/VREditor/TransformGizmo/TransformGizmoMaterial_Inst.uexp" 941
"../../../Engine/Content/VREditor/Sounds/UI/Gizmo_Handle_Clicked.ubulk" 942
"../../../Engine/Content/VREditor/Sounds/UI/Gizmo_Handle_Clicked.uasset" 943
"../../../Engine/Content/VREditor/Sounds/UI/Gizmo_Handle_Clicked.uexp" 944
"../../../Engine/Content/VREditor/TransformGizmo/RotationHandleQuarter.ubulk" 945
"../../../Engine/Content/VREditor/TransformGizmo/RotationHandleQuarter.uasset" 946
"../../../Engine/Content/VREditor/TransformGizmo/RotationHandleQuarter.uexp" 947
"../../../Engine/Content/VREditor/TransformGizmo/TranslateArrowHandle.ubulk" 948
"../../../Engine/Content/VREditor/TransformGizmo/TranslateArrowHandle.uasset" 949
"../../../Engine/Content/VREditor/TransformGizmo/TranslateArrowHandle.uexp" 950
"../../../Engine/Content/VREditor/TransformGizmo/RotationHandleIndicator.ubulk" 951
"../../../Engine/Content/VREditor/TransformGizmo/RotationHandleIndicator.uasset" 952
"../../../Engine/Content/VREditor/TransformGizmo/RotationHandleIndicator.uexp" 953
"../../../Engine/Content/VREditor/TransformGizmo/UniformScaleHandle.ubulk" 954
"../../../Engine/Content/VREditor/TransformGizmo/UniformScaleHandle.uasset" 955
"../../../Engine/Content/VREditor/TransformGizmo/UniformScaleHandle.uexp" 956
"../../../Engine/Content/VREditor/TransformGizmo/RotationHandleFull.ubulk" 957
"../../../Engine/Content/VREditor/TransformGizmo/RotationHandleFull.uasset" 958
"../../../Engine/Content/VREditor/TransformGizmo/RotationHandleFull.uexp" 959
"../../../Engine/Content/VREditor/Sounds/UI/Object_PickUp.ubulk" 960
"../../../Engine/Content/VREditor/Sounds/UI/Object_PickUp.uasset" 961
"../../../Engine/Content/VREditor/Sounds/UI/Object_PickUp.uexp" 962
"../../../Engine/Content/EngineResources/LandscapeVisibilityLayerInfo.uasset" 963
"../../../Engine/Content/EngineResources/LandscapeVisibilityLayerInfo.uexp" 964
"../../../Engine/Content/Maps/Entry_BuiltData.uasset" 965
"../../../Engine/Content/Maps/Entry_BuiltData.uexp" 966
"../../../Engine/Content/Maps/Entry.uexp" 967
"../../../Engine/Content/Maps/Entry.umap" 968
"../../../Engine/Content/BasicShapes/Cube.ubulk" 969
"../../../Engine/Content/BasicShapes/Cube.uasset" 970
"../../../Engine/Content/BasicShapes/Cube.uexp" 971
"C:/Git/GitProject/ShootingTPS/Content/LowerSector_Mod/Models/Pipes/Textures/T_Pipes_Normal.ubulk" 972
"C:/Git/GitProject/ShootingTPS/Content/LowerSector_Mod/Models/Pipes/Textures/T_Pipes_Normal.uasset" 973
"C:/Git/GitProject/ShootingTPS/Content/LowerSector_Mod/Models/Pipes/Textures/T_Pipes_Normal.uexp" 974
"C:/Git/GitProject/ShootingTPS/Content/LowerSector_Mod/Models/RollDoor01/Textures/T_RollDoor_Emissive.ubulk" 975
"C:/Git/GitProject/ShootingTPS/Content/LowerSector_Mod/Models/RollDoor01/Textures/T_RollDoor_Emissive.uasset" 976
"C:/Git/GitProject/ShootingTPS/Content/LowerSector_Mod/Models/RollDoor01/Textures/T_RollDoor_Emissive.uexp" 977
"C:/Git/GitProject/ShootingTPS/Content/LowerSector_Mod/Models/Pipes/Textures/T_Pipes_BaseColor.ubulk" 978
"C:/Git/GitProject/ShootingTPS/Content/LowerSector_Mod/Models/Pipes/Textures/T_Pipes_BaseColor.uasset" 979
"C:/Git/GitProject/ShootingTPS/Content/LowerSector_Mod/Models/Pipes/Textures/T_Pipes_BaseColor.uexp" 980
"C:/Git/GitProject/ShootingTPS/Content/LowerSector_Mod/Models/Pipes/Textures/T_Pipes_OcclusionRoughnessMetallic.ubulk" 981
"C:/Git/GitProject/ShootingTPS/Content/LowerSector_Mod/Models/Pipes/Textures/T_Pipes_OcclusionRoughnessMetallic.uasset" 982
"C:/Git/GitProject/ShootingTPS/Content/LowerSector_Mod/Models/Pipes/Textures/T_Pipes_OcclusionRoughnessMetallic.uexp" 983
"C:/Git/GitProject/ShootingTPS/Content/LowerSector_Mod/Models/Pipes/Materials/M_Pipes1.uasset" 984
"C:/Git/GitProject/ShootingTPS/Content/LowerSector_Mod/Models/Pipes/Materials/M_Pipes1.uexp" 985
"C:/Git/GitProject/ShootingTPS/Content/LowerSector_Mod/Models/Pipes/SM_PipeSM1.ubulk" 986
"C:/Git/GitProject/ShootingTPS/Content/LowerSector_Mod/Models/Pipes/SM_PipeSM1.uasset" 987
"C:/Git/GitProject/ShootingTPS/Content/LowerSector_Mod/Models/Pipes/SM_PipeSM1.uexp" 988
"C:/Git/GitProject/ShootingTPS/Content/LowerSector_Mod/Models/Pipes/SM_Pipe1_X.ubulk" 989
"C:/Git/GitProject/ShootingTPS/Content/LowerSector_Mod/Models/Pipes/SM_Pipe1_X.uasset" 990
"C:/Git/GitProject/ShootingTPS/Content/LowerSector_Mod/Models/Pipes/SM_Pipe1_X.uexp" 991
"C:/Git/GitProject/ShootingTPS/Content/LowerSector_Mod/Models/Workshop/Textures/T_Workshop_BaseColor.ubulk" 992
"C:/Git/GitProject/ShootingTPS/Content/LowerSector_Mod/Models/Workshop/Textures/T_Workshop_BaseColor.uasset" 993
"C:/Git/GitProject/ShootingTPS/Content/LowerSector_Mod/Models/Workshop/Textures/T_Workshop_BaseColor.uexp" 994
"C:/Git/GitProject/ShootingTPS/Content/LowerSector_Mod/Models/Workshop/Textures/T_Workshop_Normal.ubulk" 995
"C:/Git/GitProject/ShootingTPS/Content/LowerSector_Mod/Models/Workshop/Textures/T_Workshop_Normal.uasset" 996
"C:/Git/GitProject/ShootingTPS/Content/LowerSector_Mod/Models/Workshop/Textures/T_Workshop_Normal.uexp" 997
"C:/Git/GitProject/ShootingTPS/Content/LowerSector_Mod/Models/Workshop/Textures/T_Workshop_OcclusionRoughnessMetallic.ubulk" 998
"C:/Git/GitProject/ShootingTPS/Content/LowerSector_Mod/Models/Workshop/Textures/T_Workshop_OcclusionRoughnessMetallic.uasset" 999
"C:/Git/GitProject/ShootingTPS/Content/LowerSector_Mod/Models/Workshop/Textures/T_Workshop_OcclusionRoughnessMetallic.uexp" 1000
"C:/Git/GitProject/ShootingTPS/Content/LowerSector_Mod/Models/Workshop/Materials/M_Workshop.uasset" 1001
"C:/Git/GitProject/ShootingTPS/Content/LowerSector_Mod/Models/Workshop/Materials/M_Workshop.uexp" 1002
"C:/Git/GitProject/ShootingTPS/Content/LowerSector_Mod/Models/Pipes/SM_PipeSM4.ubulk" 1003
"C:/Git/GitProject/ShootingTPS/Content/LowerSector_Mod/Models/Pipes/SM_PipeSM4.uasset" 1004
"C:/Git/GitProject/ShootingTPS/Content/LowerSector_Mod/Models/Pipes/SM_PipeSM4.uexp" 1005
"C:/Git/GitProject/ShootingTPS/Content/LowerSector_Mod/Models/LightProps/Textures/T_Lightpole01_Normal.ubulk" 1006
"C:/Git/GitProject/ShootingTPS/Content/LowerSector_Mod/Models/LightProps/Textures/T_Lightpole01_Normal.uasset" 1007
"C:/Git/GitProject/ShootingTPS/Content/LowerSector_Mod/Models/LightProps/Textures/T_Lightpole01_Normal.uexp" 1008
"C:/Git/GitProject/ShootingTPS/Content/LowerSector_Mod/Models/LightProps/Textures/T_Lightpole01_BaseColor.ubulk" 1009
"C:/Git/GitProject/ShootingTPS/Content/LowerSector_Mod/Models/LightProps/Textures/T_Lightpole01_BaseColor.uasset" 1010
"C:/Git/GitProject/ShootingTPS/Content/LowerSector_Mod/Models/LightProps/Textures/T_Lightpole01_BaseColor.uexp" 1011
"C:/Git/GitProject/ShootingTPS/Content/LowerSector_Mod/Models/LightProps/Textures/T_Lightpole01_OcclusionRoughnessMetallic.ubulk" 1012
"C:/Git/GitProject/ShootingTPS/Content/LowerSector_Mod/Models/LightProps/Textures/T_Lightpole01_OcclusionRoughnessMetallic.uasset" 1013
"C:/Git/GitProject/ShootingTPS/Content/LowerSector_Mod/Models/LightProps/Textures/T_Lightpole01_OcclusionRoughnessMetallic.uexp" 1014
"C:/Git/GitProject/ShootingTPS/Content/LowerSector_Mod/Models/LightProps/Materials/M_Lightpole01.uasset" 1015
"C:/Git/GitProject/ShootingTPS/Content/LowerSector_Mod/Models/LightProps/Materials/M_Lightpole01.uexp" 1016
"C:/Git/GitProject/ShootingTPS/Content/LowerSector_Mod/Models/LightProps/SM_Curbstep.ubulk" 1017
"C:/Git/GitProject/ShootingTPS/Content/LowerSector_Mod/Models/LightProps/SM_Curbstep.uasset" 1018
"C:/Git/GitProject/ShootingTPS/Content/LowerSector_Mod/Models/LightProps/SM_Curbstep.uexp" 1019
"C:/Git/GitProject/ShootingTPS/Content/LowerSector_Mod/Models/RollDoor01/Textures/T_RollDoor_BaseColor.ubulk" 1020
"C:/Git/GitProject/ShootingTPS/Content/LowerSector_Mod/Models/RollDoor01/Textures/T_RollDoor_BaseColor.uasset" 1021
"C:/Git/GitProject/ShootingTPS/Content/LowerSector_Mod/Models/RollDoor01/Textures/T_RollDoor_BaseColor.uexp" 1022
"C:/Git/GitProject/ShootingTPS/Content/LowerSector_Mod/Models/RollDoor01/Textures/T_RollDoor_Normal.ubulk" 1023
"C:/Git/GitProject/ShootingTPS/Content/LowerSector_Mod/Models/RollDoor01/Textures/T_RollDoor_Normal.uasset" 1024
"C:/Git/GitProject/ShootingTPS/Content/LowerSector_Mod/Models/RollDoor01/Textures/T_RollDoor_Normal.uexp" 1025
"C:/Git/GitProject/ShootingTPS/Content/LowerSector_Mod/Models/RollDoor01/Textures/T_RollDoor_OcclusionRoughnessMetallic.ubulk" 1026
"C:/Git/GitProject/ShootingTPS/Content/LowerSector_Mod/Models/RollDoor01/Textures/T_RollDoor_OcclusionRoughnessMetallic.uasset" 1027
"C:/Git/GitProject/ShootingTPS/Content/LowerSector_Mod/Models/RollDoor01/Textures/T_RollDoor_OcclusionRoughnessMetallic.uexp" 1028
"C:/Git/GitProject/ShootingTPS/Content/LowerSector_Mod/Models/RollDoor01/Materials/M_RollDoor.uasset" 1029
"C:/Git/GitProject/ShootingTPS/Content/LowerSector_Mod/Models/RollDoor01/Materials/M_RollDoor.uexp" 1030
"C:/Git/GitProject/ShootingTPS/Content/LowerSector_Mod/Models/RollDoor01/SM_RollDoor01_A.ubulk" 1031
"C:/Git/GitProject/ShootingTPS/Content/LowerSector_Mod/Models/RollDoor01/SM_RollDoor01_A.uasset" 1032
"C:/Git/GitProject/ShootingTPS/Content/LowerSector_Mod/Models/RollDoor01/SM_RollDoor01_A.uexp" 1033
"C:/Git/GitProject/ShootingTPS/Content/LowerSector_Mod/Models/BuildingPaneling01/Textures/T_BuildingPaneling01_OcclusionRoughnessMetallic.ubulk" 1034
"C:/Git/GitProject/ShootingTPS/Content/LowerSector_Mod/Models/BuildingPaneling01/Textures/T_BuildingPaneling01_OcclusionRoughnessMetallic.uasset" 1035
"C:/Git/GitProject/ShootingTPS/Content/LowerSector_Mod/Models/BuildingPaneling01/Textures/T_BuildingPaneling01_OcclusionRoughnessMetallic.uexp" 1036
"C:/Git/GitProject/ShootingTPS/Content/LowerSector_Mod/Models/BuildingPaneling01/Textures/T_BuildingPaneling01_Emissive.ubulk" 1037
"C:/Git/GitProject/ShootingTPS/Content/LowerSector_Mod/Models/BuildingPaneling01/Textures/T_BuildingPaneling01_Emissive.uasset" 1038
"C:/Git/GitProject/ShootingTPS/Content/LowerSector_Mod/Models/BuildingPaneling01/Textures/T_BuildingPaneling01_Emissive.uexp" 1039
"C:/Git/GitProject/ShootingTPS/Content/LowerSector_Mod/Models/BuildingPaneling01/Textures/T_BuildingPaneling01_Normal.ubulk" 1040
"C:/Git/GitProject/ShootingTPS/Content/LowerSector_Mod/Models/BuildingPaneling01/Textures/T_BuildingPaneling01_Normal.uasset" 1041
"C:/Git/GitProject/ShootingTPS/Content/LowerSector_Mod/Models/BuildingPaneling01/Textures/T_BuildingPaneling01_Normal.uexp" 1042
"C:/Git/GitProject/ShootingTPS/Content/LowerSector_Mod/Models/BuildingPaneling01/Textures/T_BuildingPaneling01_BaseColor.ubulk" 1043
"C:/Git/GitProject/ShootingTPS/Content/LowerSector_Mod/Models/BuildingPaneling01/Textures/T_BuildingPaneling01_BaseColor.uasset" 1044
"C:/Git/GitProject/ShootingTPS/Content/LowerSector_Mod/Models/BuildingPaneling01/Textures/T_BuildingPaneling01_BaseColor.uexp" 1045
"C:/Git/GitProject/ShootingTPS/Content/LowerSector_Mod/Models/BuildingPaneling01/Materials/M_BuildingPaneling01.uasset" 1046
"C:/Git/GitProject/ShootingTPS/Content/LowerSector_Mod/Models/BuildingPaneling01/Materials/M_BuildingPaneling01.uexp" 1047
"C:/Git/GitProject/ShootingTPS/Content/LowerSector_Mod/Models/BuildingPaneling01/SM_BuildingPaneling01B.ubulk" 1048
"C:/Git/GitProject/ShootingTPS/Content/LowerSector_Mod/Models/BuildingPaneling01/SM_BuildingPaneling01B.uasset" 1049
"C:/Git/GitProject/ShootingTPS/Content/LowerSector_Mod/Models/BuildingPaneling01/SM_BuildingPaneling01B.uexp" 1050
"C:/Git/GitProject/ShootingTPS/Content/LowerSector_Mod/Models/Skybridge/Textures/T_Skybridge_BaseColor.ubulk" 1051
"C:/Git/GitProject/ShootingTPS/Content/LowerSector_Mod/Models/Skybridge/Textures/T_Skybridge_BaseColor.uasset" 1052
"C:/Git/GitProject/ShootingTPS/Content/LowerSector_Mod/Models/Skybridge/Textures/T_Skybridge_BaseColor.uexp" 1053
"C:/Git/GitProject/ShootingTPS/Content/LowerSector_Mod/Models/Skybridge/Textures/T_Skybridge_Normal.ubulk" 1054
"C:/Git/GitProject/ShootingTPS/Content/LowerSector_Mod/Models/Skybridge/Textures/T_Skybridge_Normal.uasset" 1055
"C:/Git/GitProject/ShootingTPS/Content/LowerSector_Mod/Models/Skybridge/Textures/T_Skybridge_Normal.uexp" 1056
"C:/Git/GitProject/ShootingTPS/Content/LowerSector_Mod/Models/Skybridge/Textures/T_Skybridge_OcclusionRoughnessMetallic.ubulk" 1057
"C:/Git/GitProject/ShootingTPS/Content/LowerSector_Mod/Models/Skybridge/Textures/T_Skybridge_OcclusionRoughnessMetallic.uasset" 1058
"C:/Git/GitProject/ShootingTPS/Content/LowerSector_Mod/Models/Skybridge/Textures/T_Skybridge_OcclusionRoughnessMetallic.uexp" 1059
"C:/Git/GitProject/ShootingTPS/Content/LowerSector_Mod/Models/Skybridge/Textures/T_Skybridge_Emissive.ubulk" 1060
"C:/Git/GitProject/ShootingTPS/Content/LowerSector_Mod/Models/Skybridge/Textures/T_Skybridge_Emissive.uasset" 1061
"C:/Git/GitProject/ShootingTPS/Content/LowerSector_Mod/Models/Skybridge/Textures/T_Skybridge_Emissive.uexp" 1062
"C:/Git/GitProject/ShootingTPS/Content/LowerSector_Mod/Models/Skybridge/Materials/M_Skybridge.uasset" 1063
"C:/Git/GitProject/ShootingTPS/Content/LowerSector_Mod/Models/Skybridge/Materials/M_Skybridge.uexp" 1064
"C:/Git/GitProject/ShootingTPS/Content/LowerSector_Mod/Models/Skybridge/SM_SkyBridge.ubulk" 1065
"C:/Git/GitProject/ShootingTPS/Content/LowerSector_Mod/Models/Skybridge/SM_SkyBridge.uasset" 1066
"C:/Git/GitProject/ShootingTPS/Content/LowerSector_Mod/Models/Skybridge/SM_SkyBridge.uexp" 1067
"C:/Git/GitProject/ShootingTPS/Content/LowerSector_Mod/Models/Wall6x/Textures/T_Wall6x_01_Mask.ubulk" 1068
"C:/Git/GitProject/ShootingTPS/Content/LowerSector_Mod/Models/Wall6x/Textures/T_Wall6x_01_Mask.uasset" 1069
"C:/Git/GitProject/ShootingTPS/Content/LowerSector_Mod/Models/Wall6x/Textures/T_Wall6x_01_Mask.uexp" 1070
"C:/Git/GitProject/ShootingTPS/Content/LowerSector_Mod/Models/Wall6x/Textures/T_Wall6x_Normal.ubulk" 1071
"C:/Git/GitProject/ShootingTPS/Content/LowerSector_Mod/Models/Wall6x/Textures/T_Wall6x_Normal.uasset" 1072
"C:/Git/GitProject/ShootingTPS/Content/LowerSector_Mod/Models/Wall6x/Textures/T_Wall6x_Normal.uexp" 1073
"C:/Git/GitProject/ShootingTPS/Content/LowerSector_Mod/Models/Wall6x/Textures/T_Wall6x_BaseColor.ubulk" 1074
"C:/Git/GitProject/ShootingTPS/Content/LowerSector_Mod/Models/Wall6x/Textures/T_Wall6x_BaseColor.uasset" 1075
"C:/Git/GitProject/ShootingTPS/Content/LowerSector_Mod/Models/Wall6x/Textures/T_Wall6x_BaseColor.uexp" 1076
"C:/Git/GitProject/ShootingTPS/Content/LowerSector_Mod/Models/Wall6x/Textures/T_Wall6x_OcclusionRoughnessMetallic.ubulk" 1077
"C:/Git/GitProject/ShootingTPS/Content/LowerSector_Mod/Models/Wall6x/Textures/T_Wall6x_OcclusionRoughnessMetallic.uasset" 1078
"C:/Git/GitProject/ShootingTPS/Content/LowerSector_Mod/Models/Wall6x/Textures/T_Wall6x_OcclusionRoughnessMetallic.uexp" 1079
"C:/Git/GitProject/ShootingTPS/Content/LowerSector_Mod/Models/Wall6x/Materials/M_Wall6x.uasset" 1080
"C:/Git/GitProject/ShootingTPS/Content/LowerSector_Mod/Models/Wall6x/Materials/M_Wall6x.uexp" 1081
"C:/Git/GitProject/ShootingTPS/Content/LowerSector_Mod/Models/Wall6x/Materials/MI_Wall6x_Inst.uasset" 1082
"C:/Git/GitProject/ShootingTPS/Content/LowerSector_Mod/Models/Wall6x/Materials/MI_Wall6x_Inst.uexp" 1083
"C:/Git/GitProject/ShootingTPS/Content/LowerSector_Mod/Models/LightProps/SM_LightPole01.ubulk" 1084
"C:/Git/GitProject/ShootingTPS/Content/LowerSector_Mod/Models/LightProps/SM_LightPole01.uasset" 1085
"C:/Git/GitProject/ShootingTPS/Content/LowerSector_Mod/Models/LightProps/SM_LightPole01.uexp" 1086
"C:/Git/GitProject/ShootingTPS/Content/LowerSector_Mod/Models/Decals/Textures/T_Decal_Num_01.ubulk" 1087
"C:/Git/GitProject/ShootingTPS/Content/LowerSector_Mod/Models/Decals/Textures/T_Decal_Num_01.uasset" 1088
"C:/Git/GitProject/ShootingTPS/Content/LowerSector_Mod/Models/Decals/Textures/T_Decal_Num_01.uexp" 1089
"C:/Git/GitProject/ShootingTPS/Content/LowerSector_Mod/Models/Decals/Materials/M_Decal_Num01.uasset" 1090
"C:/Git/GitProject/ShootingTPS/Content/LowerSector_Mod/Models/Decals/Materials/M_Decal_Num01.uexp" 1091
"C:/Git/GitProject/ShootingTPS/Content/LowerSector_Mod/Models/Decals/Textures/T_Decal_Face03.ubulk" 1092
"C:/Git/GitProject/ShootingTPS/Content/LowerSector_Mod/Models/Decals/Textures/T_Decal_Face03.uasset" 1093
"C:/Git/GitProject/ShootingTPS/Content/LowerSector_Mod/Models/Decals/Textures/T_Decal_Face03.uexp" 1094
"C:/Git/GitProject/ShootingTPS/Content/LowerSector_Mod/Models/Decals/Materials/M_DecalFace03.uasset" 1095
"C:/Git/GitProject/ShootingTPS/Content/LowerSector_Mod/Models/Decals/Materials/M_DecalFace03.uexp" 1096
"C:/Git/GitProject/ShootingTPS/Content/LowerSector_Mod/Models/Decals/Textures/T_Decal_Face02.ubulk" 1097
"C:/Git/GitProject/ShootingTPS/Content/LowerSector_Mod/Models/Decals/Textures/T_Decal_Face02.uasset" 1098
"C:/Git/GitProject/ShootingTPS/Content/LowerSector_Mod/Models/Decals/Textures/T_Decal_Face02.uexp" 1099
"C:/Git/GitProject/ShootingTPS/Content/LowerSector_Mod/Models/Decals/Materials/M_DecalFace.uasset" 1100
"C:/Git/GitProject/ShootingTPS/Content/LowerSector_Mod/Models/Decals/Materials/M_DecalFace.uexp" 1101
"C:/Git/GitProject/ShootingTPS/Content/LowerSector_Mod/Models/Apartment01/Textures/T_Apartments01_Normal.ubulk" 1102
"C:/Git/GitProject/ShootingTPS/Content/LowerSector_Mod/Models/Apartment01/Textures/T_Apartments01_Normal.uasset" 1103
"C:/Git/GitProject/ShootingTPS/Content/LowerSector_Mod/Models/Apartment01/Textures/T_Apartments01_Normal.uexp" 1104
"C:/Git/GitProject/ShootingTPS/Content/LowerSector_Mod/Models/Apartment01/Textures/T_Apartments01_BaseColor.ubulk" 1105
"C:/Git/GitProject/ShootingTPS/Content/LowerSector_Mod/Models/Apartment01/Textures/T_Apartments01_BaseColor.uasset" 1106
"C:/Git/GitProject/ShootingTPS/Content/LowerSector_Mod/Models/Apartment01/Textures/T_Apartments01_BaseColor.uexp" 1107
"C:/Git/GitProject/ShootingTPS/Content/LowerSector_Mod/Models/Apartment01/Textures/T_Apartments01_OcclusionRoughnessMetallic.ubulk" 1108
"C:/Git/GitProject/ShootingTPS/Content/LowerSector_Mod/Models/Apartment01/Textures/T_Apartments01_OcclusionRoughnessMetallic.uasset" 1109
"C:/Git/GitProject/ShootingTPS/Content/LowerSector_Mod/Models/Apartment01/Textures/T_Apartments01_OcclusionRoughnessMetallic.uexp" 1110
"C:/Git/GitProject/ShootingTPS/Content/LowerSector_Mod/Models/Apartment01/Materials/M_Apartment01.uasset" 1111
"C:/Git/GitProject/ShootingTPS/Content/LowerSector_Mod/Models/Apartment01/Materials/M_Apartment01.uexp" 1112
"C:/Git/GitProject/ShootingTPS/Content/LowerSector_Mod/Models/Apartment01/SM_Apartments01_trim1.ubulk" 1113
"C:/Git/GitProject/ShootingTPS/Content/LowerSector_Mod/Models/Apartment01/SM_Apartments01_trim1.uasset" 1114
"C:/Git/GitProject/ShootingTPS/Content/LowerSector_Mod/Models/Apartment01/SM_Apartments01_trim1.uexp" 1115
"C:/Git/GitProject/ShootingTPS/Content/LowerSector_Mod/Models/SkyTower/Textures/T_SkyTower_Normal.ubulk" 1116
"C:/Git/GitProject/ShootingTPS/Content/LowerSector_Mod/Models/SkyTower/Textures/T_SkyTower_Normal.uasset" 1117
"C:/Git/GitProject/ShootingTPS/Content/LowerSector_Mod/Models/SkyTower/Textures/T_SkyTower_Normal.uexp" 1118
"C:/Git/GitProject/ShootingTPS/Content/LowerSector_Mod/Models/SkyTower/Textures/T_SkyTower_OcclusionRoughnessMetallic.ubulk" 1119
"C:/Git/GitProject/ShootingTPS/Content/LowerSector_Mod/Models/SkyTower/Textures/T_SkyTower_OcclusionRoughnessMetallic.uasset" 1120
"C:/Git/GitProject/ShootingTPS/Content/LowerSector_Mod/Models/SkyTower/Textures/T_SkyTower_OcclusionRoughnessMetallic.uexp" 1121
"C:/Git/GitProject/ShootingTPS/Content/LowerSector_Mod/Models/SkyTower/Textures/T_SkyTower_Emissive.ubulk" 1122
"C:/Git/GitProject/ShootingTPS/Content/LowerSector_Mod/Models/SkyTower/Textures/T_SkyTower_Emissive.uasset" 1123
"C:/Git/GitProject/ShootingTPS/Content/LowerSector_Mod/Models/SkyTower/Textures/T_SkyTower_Emissive.uexp" 1124
"C:/Git/GitProject/ShootingTPS/Content/LowerSector_Mod/Models/SkyTower/Textures/T_SkyTower_BaseColor.ubulk" 1125
"C:/Git/GitProject/ShootingTPS/Content/LowerSector_Mod/Models/SkyTower/Textures/T_SkyTower_BaseColor.uasset" 1126
"C:/Git/GitProject/ShootingTPS/Content/LowerSector_Mod/Models/SkyTower/Textures/T_SkyTower_BaseColor.uexp" 1127
"C:/Git/GitProject/ShootingTPS/Content/LowerSector_Mod/Models/SkyTower/Materials/M_SkyTower.uasset" 1128
"C:/Git/GitProject/ShootingTPS/Content/LowerSector_Mod/Models/SkyTower/Materials/M_SkyTower.uexp" 1129
"C:/Git/GitProject/ShootingTPS/Content/LowerSector_Mod/Models/Apartment01/SM_Apartments01_wall.ubulk" 1130
"C:/Git/GitProject/ShootingTPS/Content/LowerSector_Mod/Models/Apartment01/SM_Apartments01_wall.uasset" 1131
"C:/Git/GitProject/ShootingTPS/Content/LowerSector_Mod/Models/Apartment01/SM_Apartments01_wall.uexp" 1132
"C:/Git/GitProject/ShootingTPS/Content/LowerSector_Mod/Models/Workshop/SM_Workshop_Cont1.ubulk" 1133
"C:/Git/GitProject/ShootingTPS/Content/LowerSector_Mod/Models/Workshop/SM_Workshop_Cont1.uasset" 1134
"C:/Git/GitProject/ShootingTPS/Content/LowerSector_Mod/Models/Workshop/SM_Workshop_Cont1.uexp" 1135
"C:/Git/GitProject/ShootingTPS/Content/LowerSector_Mod/Models/Cables/Textures/T_Cables01_OcclusionRoughnessMetallic.ubulk" 1136
"C:/Git/GitProject/ShootingTPS/Content/LowerSector_Mod/Models/Cables/Textures/T_Cables01_OcclusionRoughnessMetallic.uasset" 1137
"C:/Git/GitProject/ShootingTPS/Content/LowerSector_Mod/Models/Cables/Textures/T_Cables01_OcclusionRoughnessMetallic.uexp" 1138
"C:/Git/GitProject/ShootingTPS/Content/LowerSector_Mod/Models/Cables/Textures/T_Cables01_Emissive.ubulk" 1139
"C:/Git/GitProject/ShootingTPS/Content/LowerSector_Mod/Models/Cables/Textures/T_Cables01_Emissive.uasset" 1140
"C:/Git/GitProject/ShootingTPS/Content/LowerSector_Mod/Models/Cables/Textures/T_Cables01_Emissive.uexp" 1141
"C:/Git/GitProject/ShootingTPS/Content/LowerSector_Mod/Models/Cables/Textures/T_Cables01_BaseColor.ubulk" 1142
"C:/Git/GitProject/ShootingTPS/Content/LowerSector_Mod/Models/Cables/Textures/T_Cables01_BaseColor.uasset" 1143
"C:/Git/GitProject/ShootingTPS/Content/LowerSector_Mod/Models/Cables/Textures/T_Cables01_BaseColor.uexp" 1144
"C:/Git/GitProject/ShootingTPS/Content/LowerSector_Mod/Models/Cables/Textures/T_Cables01_Normal.ubulk" 1145
"C:/Git/GitProject/ShootingTPS/Content/LowerSector_Mod/Models/Cables/Textures/T_Cables01_Normal.uasset" 1146
"C:/Git/GitProject/ShootingTPS/Content/LowerSector_Mod/Models/Cables/Textures/T_Cables01_Normal.uexp" 1147
"C:/Git/GitProject/ShootingTPS/Content/LowerSector_Mod/Models/Cables/Materials/M_CablePower.uasset" 1148
"C:/Git/GitProject/ShootingTPS/Content/LowerSector_Mod/Models/Cables/Materials/M_CablePower.uexp" 1149
"C:/Git/GitProject/ShootingTPS/Content/LowerSector_Mod/Models/Cables/SM_CableTower01_canisters.ubulk" 1150
"C:/Git/GitProject/ShootingTPS/Content/LowerSector_Mod/Models/Cables/SM_CableTower01_canisters.uasset" 1151
"C:/Git/GitProject/ShootingTPS/Content/LowerSector_Mod/Models/Cables/SM_CableTower01_canisters.uexp" 1152
"C:/Git/GitProject/ShootingTPS/Content/LowerSector_Mod/Models/Cables/Materials/M_Material_006.uasset" 1153
"C:/Git/GitProject/ShootingTPS/Content/LowerSector_Mod/Models/Cables/Materials/M_Material_006.uexp" 1154
"C:/Git/GitProject/ShootingTPS/Content/LowerSector_Mod/Models/Bot/Textures/T_Bot_Normal.ubulk" 1155
"C:/Git/GitProject/ShootingTPS/Content/LowerSector_Mod/Models/Bot/Textures/T_Bot_Normal.uasset" 1156
"C:/Git/GitProject/ShootingTPS/Content/LowerSector_Mod/Models/Bot/Textures/T_Bot_Normal.uexp" 1157
"C:/Git/GitProject/ShootingTPS/Content/LowerSector_Mod/Models/Bot/Textures/T_Bot_Emissive.ubulk" 1158
"C:/Git/GitProject/ShootingTPS/Content/LowerSector_Mod/Models/Bot/Textures/T_Bot_Emissive.uasset" 1159
"C:/Git/GitProject/ShootingTPS/Content/LowerSector_Mod/Models/Bot/Textures/T_Bot_Emissive.uexp" 1160
"C:/Git/GitProject/ShootingTPS/Content/LowerSector_Mod/Models/Bot/Textures/T_Bot__OcclusionRoughnessMetallic.ubulk" 1161
"C:/Git/GitProject/ShootingTPS/Content/LowerSector_Mod/Models/Bot/Textures/T_Bot__OcclusionRoughnessMetallic.uasset" 1162
"C:/Git/GitProject/ShootingTPS/Content/LowerSector_Mod/Models/Bot/Textures/T_Bot__OcclusionRoughnessMetallic.uexp" 1163
"C:/Git/GitProject/ShootingTPS/Content/LowerSector_Mod/Models/Bot/Textures/T_Bot_BaseColor.ubulk" 1164
"C:/Git/GitProject/ShootingTPS/Content/LowerSector_Mod/Models/Bot/Textures/T_Bot_BaseColor.uasset" 1165
"C:/Git/GitProject/ShootingTPS/Content/LowerSector_Mod/Models/Bot/Textures/T_Bot_BaseColor.uexp" 1166
"C:/Git/GitProject/ShootingTPS/Content/LowerSector_Mod/Models/Bot/Materials/M_Bottington.uasset" 1167
"C:/Git/GitProject/ShootingTPS/Content/LowerSector_Mod/Models/Bot/Materials/M_Bottington.uexp" 1168
"C:/Git/GitProject/ShootingTPS/Content/LowerSector_Mod/Models/Bot/SM_Bottington.ubulk" 1169
"C:/Git/GitProject/ShootingTPS/Content/LowerSector_Mod/Models/Bot/SM_Bottington.uasset" 1170
"C:/Git/GitProject/ShootingTPS/Content/LowerSector_Mod/Models/Bot/SM_Bottington.uexp" 1171
"C:/Git/GitProject/ShootingTPS/Content/LowerSector_Mod/Models/Decals/Textures/T_Decal_Num_02.ubulk" 1172
"C:/Git/GitProject/ShootingTPS/Content/LowerSector_Mod/Models/Decals/Textures/T_Decal_Num_02.uasset" 1173
"C:/Git/GitProject/ShootingTPS/Content/LowerSector_Mod/Models/Decals/Textures/T_Decal_Num_02.uexp" 1174
"C:/Git/GitProject/ShootingTPS/Content/LowerSector_Mod/Models/Decals/Materials/M_Decal_Num02.uasset" 1175
"C:/Git/GitProject/ShootingTPS/Content/LowerSector_Mod/Models/Decals/Materials/M_Decal_Num02.uexp" 1176
"C:/Git/GitProject/ShootingTPS/Content/LowerSector_Mod/Models/Cables/SM_CableTower01_box.ubulk" 1177
"C:/Git/GitProject/ShootingTPS/Content/LowerSector_Mod/Models/Cables/SM_CableTower01_box.uasset" 1178
"C:/Git/GitProject/ShootingTPS/Content/LowerSector_Mod/Models/Cables/SM_CableTower01_box.uexp" 1179
"C:/Git/GitProject/ShootingTPS/Content/LowerSector_Mod/Models/Workshop/SM_Workshop_Cont5.ubulk" 1180
"C:/Git/GitProject/ShootingTPS/Content/LowerSector_Mod/Models/Workshop/SM_Workshop_Cont5.uasset" 1181
"C:/Git/GitProject/ShootingTPS/Content/LowerSector_Mod/Models/Workshop/SM_Workshop_Cont5.uexp" 1182
"C:/Git/GitProject/ShootingTPS/Content/LowerSector_Mod/Models/SideWalk/Textures/T_Sidewalk_BaseColor.ubulk" 1183
"C:/Git/GitProject/ShootingTPS/Content/LowerSector_Mod/Models/SideWalk/Textures/T_Sidewalk_BaseColor.uasset" 1184
"C:/Git/GitProject/ShootingTPS/Content/LowerSector_Mod/Models/SideWalk/Textures/T_Sidewalk_BaseColor.uexp" 1185
"C:/Git/GitProject/ShootingTPS/Content/LowerSector_Mod/Models/SideWalk/Textures/T_Sidewalk_OcclusionRoughnessMetallic.ubulk" 1186
"C:/Git/GitProject/ShootingTPS/Content/LowerSector_Mod/Models/SideWalk/Textures/T_Sidewalk_OcclusionRoughnessMetallic.uasset" 1187
"C:/Git/GitProject/ShootingTPS/Content/LowerSector_Mod/Models/SideWalk/Textures/T_Sidewalk_OcclusionRoughnessMetallic.uexp" 1188
"C:/Git/GitProject/ShootingTPS/Content/LowerSector_Mod/Models/SideWalk/Textures/T_Sidewalk_Normal.ubulk" 1189
"C:/Git/GitProject/ShootingTPS/Content/LowerSector_Mod/Models/SideWalk/Textures/T_Sidewalk_Normal.uasset" 1190
"C:/Git/GitProject/ShootingTPS/Content/LowerSector_Mod/Models/SideWalk/Textures/T_Sidewalk_Normal.uexp" 1191
"C:/Git/GitProject/ShootingTPS/Content/LowerSector_Mod/Models/SideWalk/Materials/M_SideWalk.uasset" 1192
"C:/Git/GitProject/ShootingTPS/Content/LowerSector_Mod/Models/SideWalk/Materials/M_SideWalk.uexp" 1193
"C:/Git/GitProject/ShootingTPS/Content/LowerSector_Mod/Models/SideWalk/SM_Railing01.ubulk" 1194
"C:/Git/GitProject/ShootingTPS/Content/LowerSector_Mod/Models/SideWalk/SM_Railing01.uasset" 1195
"C:/Git/GitProject/ShootingTPS/Content/LowerSector_Mod/Models/SideWalk/SM_Railing01.uexp" 1196
"C:/Git/GitProject/ShootingTPS/Content/LowerSector_Mod/Models/Cables/SM_CableTower01.ubulk" 1197
"C:/Git/GitProject/ShootingTPS/Content/LowerSector_Mod/Models/Cables/SM_CableTower01.uasset" 1198
"C:/Git/GitProject/ShootingTPS/Content/LowerSector_Mod/Models/Cables/SM_CableTower01.uexp" 1199
"C:/Git/GitProject/ShootingTPS/Content/LowerSector_Mod/Models/ConcreteWalls/Textures/T_ConcreteWalls01_OcclusionRoughnessMetallic.ubulk" 1200
"C:/Git/GitProject/ShootingTPS/Content/LowerSector_Mod/Models/ConcreteWalls/Textures/T_ConcreteWalls01_OcclusionRoughnessMetallic.uasset" 1201
"C:/Git/GitProject/ShootingTPS/Content/LowerSector_Mod/Models/ConcreteWalls/Textures/T_ConcreteWalls01_OcclusionRoughnessMetallic.uexp" 1202
"C:/Git/GitProject/ShootingTPS/Content/LowerSector_Mod/Models/ConcreteWalls/Textures/T_ConcreteWalls01_Base_Color.ubulk" 1203
"C:/Git/GitProject/ShootingTPS/Content/LowerSector_Mod/Models/ConcreteWalls/Textures/T_ConcreteWalls01_Base_Color.uasset" 1204
"C:/Git/GitProject/ShootingTPS/Content/LowerSector_Mod/Models/ConcreteWalls/Textures/T_ConcreteWalls01_Base_Color.uexp" 1205
"C:/Git/GitProject/ShootingTPS/Content/LowerSector_Mod/Models/ConcreteWalls/Textures/T_ConcreteWalls01_Normal.ubulk" 1206
"C:/Git/GitProject/ShootingTPS/Content/LowerSector_Mod/Models/ConcreteWalls/Textures/T_ConcreteWalls01_Normal.uasset" 1207
"C:/Git/GitProject/ShootingTPS/Content/LowerSector_Mod/Models/ConcreteWalls/Textures/T_ConcreteWalls01_Normal.uexp" 1208
"C:/Git/GitProject/ShootingTPS/Content/LowerSector_Mod/Models/ConcreteWalls/Materials/M_ConcreteWalls01.uasset" 1209
"C:/Git/GitProject/ShootingTPS/Content/LowerSector_Mod/Models/ConcreteWalls/Materials/M_ConcreteWalls01.uexp" 1210
"C:/Git/GitProject/ShootingTPS/Content/LowerSector_Mod/Models/ConcreteWalls/SM_ConcretePillar01.ubulk" 1211
"C:/Git/GitProject/ShootingTPS/Content/LowerSector_Mod/Models/ConcreteWalls/SM_ConcretePillar01.uasset" 1212
"C:/Git/GitProject/ShootingTPS/Content/LowerSector_Mod/Models/ConcreteWalls/SM_ConcretePillar01.uexp" 1213
"C:/Git/GitProject/ShootingTPS/Content/LowerSector_Mod/Models/Decals/Textures/T_Decal_RedLine.ubulk" 1214
"C:/Git/GitProject/ShootingTPS/Content/LowerSector_Mod/Models/Decals/Textures/T_Decal_RedLine.uasset" 1215
"C:/Git/GitProject/ShootingTPS/Content/LowerSector_Mod/Models/Decals/Textures/T_Decal_RedLine.uexp" 1216
"C:/Git/GitProject/ShootingTPS/Content/LowerSector_Mod/Models/Decals/Materials/M_Decal_Paintline01_Red.uasset" 1217
"C:/Git/GitProject/ShootingTPS/Content/LowerSector_Mod/Models/Decals/Materials/M_Decal_Paintline01_Red.uexp" 1218
"C:/Git/GitProject/ShootingTPS/Content/LowerSector_Mod/Models/SkyTower/SM_SkyTower2.ubulk" 1219
"C:/Git/GitProject/ShootingTPS/Content/LowerSector_Mod/Models/SkyTower/SM_SkyTower2.uasset" 1220
"C:/Git/GitProject/ShootingTPS/Content/LowerSector_Mod/Models/SkyTower/SM_SkyTower2.uexp" 1221
"C:/Git/GitProject/ShootingTPS/Content/LowerSector_Mod/Models/Cables/Materials/M_Material_003.uasset" 1222
"C:/Git/GitProject/ShootingTPS/Content/LowerSector_Mod/Models/Cables/Materials/M_Material_003.uexp" 1223
"C:/Git/GitProject/ShootingTPS/Content/LowerSector_Mod/Models/BG_Buildings/Textures/T_BG_Buildings_OcclusionRoughnessMetallic.ubulk" 1224
"C:/Git/GitProject/ShootingTPS/Content/LowerSector_Mod/Models/BG_Buildings/Textures/T_BG_Buildings_OcclusionRoughnessMetallic.uasset" 1225
"C:/Git/GitProject/ShootingTPS/Content/LowerSector_Mod/Models/BG_Buildings/Textures/T_BG_Buildings_OcclusionRoughnessMetallic.uexp" 1226
"C:/Git/GitProject/ShootingTPS/Content/LowerSector_Mod/Models/BG_Buildings/Textures/T_BG_Buildings_Normal.ubulk" 1227
"C:/Git/GitProject/ShootingTPS/Content/LowerSector_Mod/Models/BG_Buildings/Textures/T_BG_Buildings_Normal.uasset" 1228
"C:/Git/GitProject/ShootingTPS/Content/LowerSector_Mod/Models/BG_Buildings/Textures/T_BG_Buildings_Normal.uexp" 1229
"C:/Git/GitProject/ShootingTPS/Content/LowerSector_Mod/Models/BG_Buildings/Textures/T_BG_Buildings_BaseColor.ubulk" 1230
"C:/Git/GitProject/ShootingTPS/Content/LowerSector_Mod/Models/BG_Buildings/Textures/T_BG_Buildings_BaseColor.uasset" 1231
"C:/Git/GitProject/ShootingTPS/Content/LowerSector_Mod/Models/BG_Buildings/Textures/T_BG_Buildings_BaseColor.uexp" 1232
"C:/Git/GitProject/ShootingTPS/Content/LowerSector_Mod/Models/BG_Buildings/Materials/M_BG_Building01.uasset" 1233
"C:/Git/GitProject/ShootingTPS/Content/LowerSector_Mod/Models/BG_Buildings/Materials/M_BG_Building01.uexp" 1234
"C:/Git/GitProject/ShootingTPS/Content/LowerSector_Mod/Models/BG_Buildings/SM_BG_Building05.ubulk" 1235
"C:/Git/GitProject/ShootingTPS/Content/LowerSector_Mod/Models/BG_Buildings/SM_BG_Building05.uasset" 1236
"C:/Git/GitProject/ShootingTPS/Content/LowerSector_Mod/Models/BG_Buildings/SM_BG_Building05.uexp" 1237
"C:/Git/GitProject/ShootingTPS/Content/LowerSector_Mod/Models/Decals/Textures/T_CC01.ubulk" 1238
"C:/Git/GitProject/ShootingTPS/Content/LowerSector_Mod/Models/Decals/Textures/T_CC01.uasset" 1239
"C:/Git/GitProject/ShootingTPS/Content/LowerSector_Mod/Models/Decals/Textures/T_CC01.uexp" 1240
"C:/Git/GitProject/ShootingTPS/Content/LowerSector_Mod/Models/Decals/Materials/M_Decal_CC0_Horiz.uasset" 1241
"C:/Git/GitProject/ShootingTPS/Content/LowerSector_Mod/Models/Decals/Materials/M_Decal_CC0_Horiz.uexp" 1242
"C:/Git/GitProject/ShootingTPS/Content/LowerSector_Mod/Models/PowerCar/SM_ChargeHose_01.ubulk" 1243
"C:/Git/GitProject/ShootingTPS/Content/LowerSector_Mod/Models/PowerCar/SM_ChargeHose_01.uasset" 1244
"C:/Git/GitProject/ShootingTPS/Content/LowerSector_Mod/Models/PowerCar/SM_ChargeHose_01.uexp" 1245
"C:/Git/GitProject/ShootingTPS/Content/LowerSector_Mod/Models/Tower8x/Textures/T_Tower8x_Normal.ubulk" 1246
"C:/Git/GitProject/ShootingTPS/Content/LowerSector_Mod/Models/Tower8x/Textures/T_Tower8x_Normal.uasset" 1247
"C:/Git/GitProject/ShootingTPS/Content/LowerSector_Mod/Models/Tower8x/Textures/T_Tower8x_Normal.uexp" 1248
"C:/Git/GitProject/ShootingTPS/Content/LowerSector_Mod/Models/Tower8x/Textures/T_Tower8x_PanelMask.ubulk" 1249
"C:/Git/GitProject/ShootingTPS/Content/LowerSector_Mod/Models/Tower8x/Textures/T_Tower8x_PanelMask.uasset" 1250
"C:/Git/GitProject/ShootingTPS/Content/LowerSector_Mod/Models/Tower8x/Textures/T_Tower8x_PanelMask.uexp" 1251
"C:/Git/GitProject/ShootingTPS/Content/LowerSector_Mod/Models/Tower8x/Textures/T_Tower8x_OcclusionRoughnessMetallic.ubulk" 1252
"C:/Git/GitProject/ShootingTPS/Content/LowerSector_Mod/Models/Tower8x/Textures/T_Tower8x_OcclusionRoughnessMetallic.uasset" 1253
"C:/Git/GitProject/ShootingTPS/Content/LowerSector_Mod/Models/Tower8x/Textures/T_Tower8x_OcclusionRoughnessMetallic.uexp" 1254
"C:/Git/GitProject/ShootingTPS/Content/LowerSector_Mod/Models/Tower8x/Textures/T_Tower8x_BaseColor.ubulk" 1255
"C:/Git/GitProject/ShootingTPS/Content/LowerSector_Mod/Models/Tower8x/Textures/T_Tower8x_BaseColor.uasset" 1256
"C:/Git/GitProject/ShootingTPS/Content/LowerSector_Mod/Models/Tower8x/Textures/T_Tower8x_BaseColor.uexp" 1257
"C:/Git/GitProject/ShootingTPS/Content/LowerSector_Mod/Models/Tower8x/Materials/M_Tower8x.uasset" 1258
"C:/Git/GitProject/ShootingTPS/Content/LowerSector_Mod/Models/Tower8x/Materials/M_Tower8x.uexp" 1259
"C:/Git/GitProject/ShootingTPS/Content/LowerSector_Mod/Models/Tower8x/Materials/MI_Tower8x_Inst2.uasset" 1260
"C:/Git/GitProject/ShootingTPS/Content/LowerSector_Mod/Models/Tower8x/Materials/MI_Tower8x_Inst2.uexp" 1261
"C:/Git/GitProject/ShootingTPS/Content/LowerSector_Mod/Models/Cables/SM_Cable_Antenna1.ubulk" 1262
"C:/Git/GitProject/ShootingTPS/Content/LowerSector_Mod/Models/Cables/SM_Cable_Antenna1.uasset" 1263
"C:/Git/GitProject/ShootingTPS/Content/LowerSector_Mod/Models/Cables/SM_Cable_Antenna1.uexp" 1264
"C:/Git/GitProject/ShootingTPS/Content/LowerSector_Mod/Models/Entrance02/Textures/T_Entrance02_Normal.ubulk" 1265
"C:/Git/GitProject/ShootingTPS/Content/LowerSector_Mod/Models/Entrance02/Textures/T_Entrance02_Normal.uasset" 1266
"C:/Git/GitProject/ShootingTPS/Content/LowerSector_Mod/Models/Entrance02/Textures/T_Entrance02_Normal.uexp" 1267
"C:/Git/GitProject/ShootingTPS/Content/LowerSector_Mod/Models/Entrance02/Textures/T_Entrance02_BaseColor.ubulk" 1268
"C:/Git/GitProject/ShootingTPS/Content/LowerSector_Mod/Models/Entrance02/Textures/T_Entrance02_BaseColor.uasset" 1269
"C:/Git/GitProject/ShootingTPS/Content/LowerSector_Mod/Models/Entrance02/Textures/T_Entrance02_BaseColor.uexp" 1270
"C:/Git/GitProject/ShootingTPS/Content/LowerSector_Mod/Models/Entrance02/Textures/T_Entrance02_OcclusionRoughnessMetallic.ubulk" 1271
"C:/Git/GitProject/ShootingTPS/Content/LowerSector_Mod/Models/Entrance02/Textures/T_Entrance02_OcclusionRoughnessMetallic.uasset" 1272
"C:/Git/GitProject/ShootingTPS/Content/LowerSector_Mod/Models/Entrance02/Textures/T_Entrance02_OcclusionRoughnessMetallic.uexp" 1273
"C:/Git/GitProject/ShootingTPS/Content/LowerSector_Mod/Models/Entrance02/Textures/T_Entrance02_Emissive.ubulk" 1274
"C:/Git/GitProject/ShootingTPS/Content/LowerSector_Mod/Models/Entrance02/Textures/T_Entrance02_Emissive.uasset" 1275
"C:/Git/GitProject/ShootingTPS/Content/LowerSector_Mod/Models/Entrance02/Textures/T_Entrance02_Emissive.uexp" 1276
"C:/Git/GitProject/ShootingTPS/Content/LowerSector_Mod/Models/Entrance02/Materials/M_Entrance02.uasset" 1277
"C:/Git/GitProject/ShootingTPS/Content/LowerSector_Mod/Models/Entrance02/Materials/M_Entrance02.uexp" 1278
"C:/Git/GitProject/ShootingTPS/Content/LowerSector_Mod/Models/Entrance02/SM_EntrancePipes.ubulk" 1279
"C:/Git/GitProject/ShootingTPS/Content/LowerSector_Mod/Models/Entrance02/SM_EntrancePipes.uasset" 1280
"C:/Git/GitProject/ShootingTPS/Content/LowerSector_Mod/Models/Entrance02/SM_EntrancePipes.uexp" 1281
"C:/Git/GitProject/ShootingTPS/Content/LowerSector_Mod/Models/Pipes/SM_Pipe1.ubulk" 1282
"C:/Git/GitProject/ShootingTPS/Content/LowerSector_Mod/Models/Pipes/SM_Pipe1.uasset" 1283
"C:/Git/GitProject/ShootingTPS/Content/LowerSector_Mod/Models/Pipes/SM_Pipe1.uexp" 1284
"C:/Git/GitProject/ShootingTPS/Content/LowerSector_Mod/Models/Pipes/SM_Pipe1_3.ubulk" 1285
"C:/Git/GitProject/ShootingTPS/Content/LowerSector_Mod/Models/Pipes/SM_Pipe1_3.uasset" 1286
"C:/Git/GitProject/ShootingTPS/Content/LowerSector_Mod/Models/Pipes/SM_Pipe1_3.uexp" 1287
"C:/Git/GitProject/ShootingTPS/Content/LowerSector_Mod/Models/Pipes/SM_Pipe1_4.ubulk" 1288
"C:/Git/GitProject/ShootingTPS/Content/LowerSector_Mod/Models/Pipes/SM_Pipe1_4.uasset" 1289
"C:/Git/GitProject/ShootingTPS/Content/LowerSector_Mod/Models/Pipes/SM_Pipe1_4.uexp" 1290
"C:/Git/GitProject/ShootingTPS/Content/LowerSector_Mod/Models/Pipes/SM_Pipe1_5.ubulk" 1291
"C:/Git/GitProject/ShootingTPS/Content/LowerSector_Mod/Models/Pipes/SM_Pipe1_5.uasset" 1292
"C:/Git/GitProject/ShootingTPS/Content/LowerSector_Mod/Models/Pipes/SM_Pipe1_5.uexp" 1293
"C:/Git/GitProject/ShootingTPS/Content/LowerSector_Mod/Models/ConcreteWalls/SM_ConcreteWall02.ubulk" 1294
"C:/Git/GitProject/ShootingTPS/Content/LowerSector_Mod/Models/ConcreteWalls/SM_ConcreteWall02.uasset" 1295
"C:/Git/GitProject/ShootingTPS/Content/LowerSector_Mod/Models/ConcreteWalls/SM_ConcreteWall02.uexp" 1296
"C:/Git/GitProject/ShootingTPS/Content/LowerSector_Mod/Models/Cables/SM_Cable_Antenna3.ubulk" 1297
"C:/Git/GitProject/ShootingTPS/Content/LowerSector_Mod/Models/Cables/SM_Cable_Antenna3.uasset" 1298
"C:/Git/GitProject/ShootingTPS/Content/LowerSector_Mod/Models/Cables/SM_Cable_Antenna3.uexp" 1299
"C:/Git/GitProject/ShootingTPS/Content/LowerSector_Mod/Materials/BlockoutMaterials/M_NewMaterial4.uasset" 1300
"C:/Git/GitProject/ShootingTPS/Content/LowerSector_Mod/Materials/BlockoutMaterials/M_NewMaterial4.uexp" 1301
"C:/Git/GitProject/ShootingTPS/Content/LowerSector_Mod/Models/Workshop/SM_Workshop_Cont2.ubulk" 1302
"C:/Git/GitProject/ShootingTPS/Content/LowerSector_Mod/Models/Workshop/SM_Workshop_Cont2.uasset" 1303
"C:/Git/GitProject/ShootingTPS/Content/LowerSector_Mod/Models/Workshop/SM_Workshop_Cont2.uexp" 1304
"C:/Git/GitProject/ShootingTPS/Content/LowerSector_Mod/Materials/Street01/Textures/T_Street01_Normal.ubulk" 1305
"C:/Git/GitProject/ShootingTPS/Content/LowerSector_Mod/Materials/Street01/Textures/T_Street01_Normal.uasset" 1306
"C:/Git/GitProject/ShootingTPS/Content/LowerSector_Mod/Materials/Street01/Textures/T_Street01_Normal.uexp" 1307
"C:/Git/GitProject/ShootingTPS/Content/LowerSector_Mod/Materials/Street01/Textures/T_Street01_BaseColor.ubulk" 1308
"C:/Git/GitProject/ShootingTPS/Content/LowerSector_Mod/Materials/Street01/Textures/T_Street01_BaseColor.uasset" 1309
"C:/Git/GitProject/ShootingTPS/Content/LowerSector_Mod/Materials/Street01/Textures/T_Street01_BaseColor.uexp" 1310
"C:/Git/GitProject/ShootingTPS/Content/LowerSector_Mod/Materials/Street01/Textures/T_Street01_OcclusionRoughnessMetallic.ubulk" 1311
"C:/Git/GitProject/ShootingTPS/Content/LowerSector_Mod/Materials/Street01/Textures/T_Street01_OcclusionRoughnessMetallic.uasset" 1312
"C:/Git/GitProject/ShootingTPS/Content/LowerSector_Mod/Materials/Street01/Textures/T_Street01_OcclusionRoughnessMetallic.uexp" 1313
"C:/Git/GitProject/ShootingTPS/Content/LowerSector_Mod/Materials/Street01/Materials/M_Street01.uasset" 1314
"C:/Git/GitProject/ShootingTPS/Content/LowerSector_Mod/Materials/Street01/Materials/M_Street01.uexp" 1315
"C:/Git/GitProject/ShootingTPS/Content/LowerSector_Mod/Models/Decals/Textures/T_Decal_Num_03.ubulk" 1316
"C:/Git/GitProject/ShootingTPS/Content/LowerSector_Mod/Models/Decals/Textures/T_Decal_Num_03.uasset" 1317
"C:/Git/GitProject/ShootingTPS/Content/LowerSector_Mod/Models/Decals/Textures/T_Decal_Num_03.uexp" 1318
"C:/Git/GitProject/ShootingTPS/Content/LowerSector_Mod/Models/Decals/Materials/M_Decal_Num03.uasset" 1319
"C:/Git/GitProject/ShootingTPS/Content/LowerSector_Mod/Models/Decals/Materials/M_Decal_Num03.uexp" 1320
"C:/Git/GitProject/ShootingTPS/Content/LowerSector_Mod/Models/Entrance01_Top/Textures/T_Entrance01top_BaseColor.ubulk" 1321
"C:/Git/GitProject/ShootingTPS/Content/LowerSector_Mod/Models/Entrance01_Top/Textures/T_Entrance01top_BaseColor.uasset" 1322
"C:/Git/GitProject/ShootingTPS/Content/LowerSector_Mod/Models/Entrance01_Top/Textures/T_Entrance01top_BaseColor.uexp" 1323
"C:/Git/GitProject/ShootingTPS/Content/LowerSector_Mod/Models/Entrance01_Top/Textures/T_Entrance01top_Normal.ubulk" 1324
"C:/Git/GitProject/ShootingTPS/Content/LowerSector_Mod/Models/Entrance01_Top/Textures/T_Entrance01top_Normal.uasset" 1325
"C:/Git/GitProject/ShootingTPS/Content/LowerSector_Mod/Models/Entrance01_Top/Textures/T_Entrance01top_Normal.uexp" 1326
"C:/Git/GitProject/ShootingTPS/Content/LowerSector_Mod/Models/Entrance01_Top/Textures/T_Entrance01top_Emissive.ubulk" 1327
"C:/Git/GitProject/ShootingTPS/Content/LowerSector_Mod/Models/Entrance01_Top/Textures/T_Entrance01top_Emissive.uasset" 1328
"C:/Git/GitProject/ShootingTPS/Content/LowerSector_Mod/Models/Entrance01_Top/Textures/T_Entrance01top_Emissive.uexp" 1329
"C:/Git/GitProject/ShootingTPS/Content/LowerSector_Mod/Models/Entrance01_Top/Textures/T_Entrance01top_OcclusionRoughnessMetallic.ubulk" 1330
"C:/Git/GitProject/ShootingTPS/Content/LowerSector_Mod/Models/Entrance01_Top/Textures/T_Entrance01top_OcclusionRoughnessMetallic.uasset" 1331
"C:/Git/GitProject/ShootingTPS/Content/LowerSector_Mod/Models/Entrance01_Top/Textures/T_Entrance01top_OcclusionRoughnessMetallic.uexp" 1332
"C:/Git/GitProject/ShootingTPS/Content/LowerSector_Mod/Models/Entrance01_Top/Materials/M_EntranceTop01.uasset" 1333
"C:/Git/GitProject/ShootingTPS/Content/LowerSector_Mod/Models/Entrance01_Top/Materials/M_EntranceTop01.uexp" 1334
"C:/Git/GitProject/ShootingTPS/Content/LowerSector_Mod/Models/Entrance01_Top/SM_Entrance01top.ubulk" 1335
"C:/Git/GitProject/ShootingTPS/Content/LowerSector_Mod/Models/Entrance01_Top/SM_Entrance01top.uasset" 1336
"C:/Git/GitProject/ShootingTPS/Content/LowerSector_Mod/Models/Entrance01_Top/SM_Entrance01top.uexp" 1337
"C:/Git/GitProject/ShootingTPS/Content/LowerSector_Mod/Models/Pipes/SM_PipeCap.ubulk" 1338
"C:/Git/GitProject/ShootingTPS/Content/LowerSector_Mod/Models/Pipes/SM_PipeCap.uasset" 1339
"C:/Git/GitProject/ShootingTPS/Content/LowerSector_Mod/Models/Pipes/SM_PipeCap.uexp" 1340
"C:/Git/GitProject/ShootingTPS/Content/UI/WBP_StartMenu.uasset" 1341
"C:/Git/GitProject/ShootingTPS/Content/UI/WBP_StartMenu.uexp" 1342
"C:/Git/GitProject/ShootingTPS/Content/Blueprint/FrameWorks/BP_Camera.uasset" 1343
"C:/Git/GitProject/ShootingTPS/Content/Blueprint/FrameWorks/BP_Camera.uexp" 1344
"C:/Git/GitProject/ShootingTPS/Content/Blueprint/FrameWorks/HUD_StartMenu.uasset" 1345
"C:/Git/GitProject/ShootingTPS/Content/Blueprint/FrameWorks/HUD_StartMenu.uexp" 1346
"C:/Git/GitProject/ShootingTPS/Content/Blueprint/FrameWorks/GM_MenuMode.uasset" 1347
"C:/Git/GitProject/ShootingTPS/Content/Blueprint/FrameWorks/GM_MenuMode.uexp" 1348
"C:/Git/GitProject/ShootingTPS/Content/LowerSector_Mod/Materials/BlockoutMaterials/M_Hose_temp.uasset" 1349
"C:/Git/GitProject/ShootingTPS/Content/LowerSector_Mod/Materials/BlockoutMaterials/M_Hose_temp.uexp" 1350
"C:/Git/GitProject/ShootingTPS/Content/LowerSector_Mod/Models/Wall6x/Materials/MI_Wall6x_Inst1.uasset" 1351
"C:/Git/GitProject/ShootingTPS/Content/LowerSector_Mod/Models/Wall6x/Materials/MI_Wall6x_Inst1.uexp" 1352
"C:/Git/GitProject/ShootingTPS/Content/LowerSector_Mod/Models/Building01/Textures/T_B_01_mid01_OcclusionRoughnessMetallic.ubulk" 1353
"C:/Git/GitProject/ShootingTPS/Content/LowerSector_Mod/Models/Building01/Textures/T_B_01_mid01_OcclusionRoughnessMetallic.uasset" 1354
"C:/Git/GitProject/ShootingTPS/Content/LowerSector_Mod/Models/Building01/Textures/T_B_01_mid01_OcclusionRoughnessMetallic.uexp" 1355
"C:/Git/GitProject/ShootingTPS/Content/LowerSector_Mod/Models/Building01/Textures/T_B_01_mid01_BaseColor.ubulk" 1356
"C:/Git/GitProject/ShootingTPS/Content/LowerSector_Mod/Models/Building01/Textures/T_B_01_mid01_BaseColor.uasset" 1357
"C:/Git/GitProject/ShootingTPS/Content/LowerSector_Mod/Models/Building01/Textures/T_B_01_mid01_BaseColor.uexp" 1358
"C:/Git/GitProject/ShootingTPS/Content/LowerSector_Mod/Models/Building01/Textures/T_B_01_mid01_Normal.ubulk" 1359
"C:/Git/GitProject/ShootingTPS/Content/LowerSector_Mod/Models/Building01/Textures/T_B_01_mid01_Normal.uasset" 1360
"C:/Git/GitProject/ShootingTPS/Content/LowerSector_Mod/Models/Building01/Textures/T_B_01_mid01_Normal.uexp" 1361
"C:/Git/GitProject/ShootingTPS/Content/LowerSector_Mod/Models/Building01/Materials/M_B01_Mid01.uasset" 1362
"C:/Git/GitProject/ShootingTPS/Content/LowerSector_Mod/Models/Building01/Materials/M_B01_Mid01.uexp" 1363
"C:/Git/GitProject/ShootingTPS/Content/LowerSector_Mod/Models/ConcreteWalls/SM_ConcreteWall01.ubulk" 1364
"C:/Git/GitProject/ShootingTPS/Content/LowerSector_Mod/Models/ConcreteWalls/SM_ConcreteWall01.uasset" 1365
"C:/Git/GitProject/ShootingTPS/Content/LowerSector_Mod/Models/ConcreteWalls/SM_ConcreteWall01.uexp" 1366
"../../../Engine/Content/EngineSky/T_Sky_Stars.ubulk" 1367
"../../../Engine/Content/EngineSky/T_Sky_Stars.uasset" 1368
"../../../Engine/Content/EngineSky/T_Sky_Stars.uexp" 1369
"../../../Engine/Content/EngineSky/T_Sky_Clouds_M.ubulk" 1370
"../../../Engine/Content/EngineSky/T_Sky_Clouds_M.uasset" 1371
"../../../Engine/Content/EngineSky/T_Sky_Clouds_M.uexp" 1372
"../../../Engine/Content/EngineSky/T_Sky_Blue.ubulk" 1373
"../../../Engine/Content/EngineSky/T_Sky_Blue.uasset" 1374
"../../../Engine/Content/EngineSky/T_Sky_Blue.uexp" 1375
"../../../Engine/Content/EngineSky/M_Sky_Panning_Clouds2.uasset" 1376
"../../../Engine/Content/EngineSky/M_Sky_Panning_Clouds2.uexp" 1377
"../../../Engine/Content/EngineSky/SM_SkySphere.ubulk" 1378
"../../../Engine/Content/EngineSky/SM_SkySphere.uasset" 1379
"../../../Engine/Content/EngineSky/SM_SkySphere.uexp" 1380
"C:/Git/GitProject/ShootingTPS/Content/LowerSector_Mod/Models/SideWalk/SM_Railing02.ubulk" 1381
"C:/Git/GitProject/ShootingTPS/Content/LowerSector_Mod/Models/SideWalk/SM_Railing02.uasset" 1382
"C:/Git/GitProject/ShootingTPS/Content/LowerSector_Mod/Models/SideWalk/SM_Railing02.uexp" 1383
"C:/Git/GitProject/ShootingTPS/Content/LowerSector_Mod/Models/Bot/SM_Bottington2.ubulk" 1384
"C:/Git/GitProject/ShootingTPS/Content/LowerSector_Mod/Models/Bot/SM_Bottington2.uasset" 1385
"C:/Git/GitProject/ShootingTPS/Content/LowerSector_Mod/Models/Bot/SM_Bottington2.uexp" 1386
"C:/Git/GitProject/ShootingTPS/Content/LowerSector_Mod/Models/Cables/SM_Cable_Antenna2.ubulk" 1387
"C:/Git/GitProject/ShootingTPS/Content/LowerSector_Mod/Models/Cables/SM_Cable_Antenna2.uasset" 1388
"C:/Git/GitProject/ShootingTPS/Content/LowerSector_Mod/Models/Cables/SM_Cable_Antenna2.uexp" 1389
"C:/Git/GitProject/ShootingTPS/Content/LowerSector_Mod/Models/Pipes/SM_PipeSM2.ubulk" 1390
"C:/Git/GitProject/ShootingTPS/Content/LowerSector_Mod/Models/Pipes/SM_PipeSM2.uasset" 1391
"C:/Git/GitProject/ShootingTPS/Content/LowerSector_Mod/Models/Pipes/SM_PipeSM2.uexp" 1392
"C:/Git/GitProject/ShootingTPS/Content/LowerSector_Mod/Models/BG_Buildings/SM_BG_Building03.ubulk" 1393
"C:/Git/GitProject/ShootingTPS/Content/LowerSector_Mod/Models/BG_Buildings/SM_BG_Building03.uasset" 1394
"C:/Git/GitProject/ShootingTPS/Content/LowerSector_Mod/Models/BG_Buildings/SM_BG_Building03.uexp" 1395
"C:/Git/GitProject/ShootingTPS/Content/LowerSector_Mod/Models/Wall6x/SM_Wall6x_01.ubulk" 1396
"C:/Git/GitProject/ShootingTPS/Content/LowerSector_Mod/Models/Wall6x/SM_Wall6x_01.uasset" 1397
"C:/Git/GitProject/ShootingTPS/Content/LowerSector_Mod/Models/Wall6x/SM_Wall6x_01.uexp" 1398
"C:/Git/GitProject/ShootingTPS/Content/LowerSector_Mod/Models/Workshop/SM_Workshop_Cont4.ubulk" 1399
"C:/Git/GitProject/ShootingTPS/Content/LowerSector_Mod/Models/Workshop/SM_Workshop_Cont4.uasset" 1400
"C:/Git/GitProject/ShootingTPS/Content/LowerSector_Mod/Models/Workshop/SM_Workshop_Cont4.uexp" 1401
"C:/Git/GitProject/ShootingTPS/Content/LowerSector_Mod/Models/BG_Buildings/SM_BG_Building04.ubulk" 1402
"C:/Git/GitProject/ShootingTPS/Content/LowerSector_Mod/Models/BG_Buildings/SM_BG_Building04.uasset" 1403
"C:/Git/GitProject/ShootingTPS/Content/LowerSector_Mod/Models/BG_Buildings/SM_BG_Building04.uexp" 1404
"C:/Git/GitProject/ShootingTPS/Content/LowerSector_Mod/Models/Workshop/SM_Workshop_Tool4.ubulk" 1405
"C:/Git/GitProject/ShootingTPS/Content/LowerSector_Mod/Models/Workshop/SM_Workshop_Tool4.uasset" 1406
"C:/Git/GitProject/ShootingTPS/Content/LowerSector_Mod/Models/Workshop/SM_Workshop_Tool4.uexp" 1407
"C:/Git/GitProject/ShootingTPS/Content/LowerSector_Mod/Models/Tower8x/SM_Tower8x.ubulk" 1408
"C:/Git/GitProject/ShootingTPS/Content/LowerSector_Mod/Models/Tower8x/SM_Tower8x.uasset" 1409
"C:/Git/GitProject/ShootingTPS/Content/LowerSector_Mod/Models/Tower8x/SM_Tower8x.uexp" 1410
"C:/Git/GitProject/ShootingTPS/Content/LowerSector_Mod/Models/BG_Buildings/SM_BG_Building02.ubulk" 1411
"C:/Git/GitProject/ShootingTPS/Content/LowerSector_Mod/Models/BG_Buildings/SM_BG_Building02.uasset" 1412
"C:/Git/GitProject/ShootingTPS/Content/LowerSector_Mod/Models/BG_Buildings/SM_BG_Building02.uexp" 1413
"C:/Git/GitProject/ShootingTPS/Content/LowerSector_Mod/Models/RoofTop/Textures/T_RoofTop_OcclusionRoughnessMetallic.ubulk" 1414
"C:/Git/GitProject/ShootingTPS/Content/LowerSector_Mod/Models/RoofTop/Textures/T_RoofTop_OcclusionRoughnessMetallic.uasset" 1415
"C:/Git/GitProject/ShootingTPS/Content/LowerSector_Mod/Models/RoofTop/Textures/T_RoofTop_OcclusionRoughnessMetallic.uexp" 1416
"C:/Git/GitProject/ShootingTPS/Content/LowerSector_Mod/Models/RoofTop/Textures/T_RoofTop_BaseColor.ubulk" 1417
"C:/Git/GitProject/ShootingTPS/Content/LowerSector_Mod/Models/RoofTop/Textures/T_RoofTop_BaseColor.uasset" 1418
"C:/Git/GitProject/ShootingTPS/Content/LowerSector_Mod/Models/RoofTop/Textures/T_RoofTop_BaseColor.uexp" 1419
"C:/Git/GitProject/ShootingTPS/Content/LowerSector_Mod/Models/RoofTop/Textures/T_RoofTop_Emissive.ubulk" 1420
"C:/Git/GitProject/ShootingTPS/Content/LowerSector_Mod/Models/RoofTop/Textures/T_RoofTop_Emissive.uasset" 1421
"C:/Git/GitProject/ShootingTPS/Content/LowerSector_Mod/Models/RoofTop/Textures/T_RoofTop_Emissive.uexp" 1422
"C:/Git/GitProject/ShootingTPS/Content/LowerSector_Mod/Models/RoofTop/Textures/T_RoofTop_Normal.ubulk" 1423
"C:/Git/GitProject/ShootingTPS/Content/LowerSector_Mod/Models/RoofTop/Textures/T_RoofTop_Normal.uasset" 1424
"C:/Git/GitProject/ShootingTPS/Content/LowerSector_Mod/Models/RoofTop/Textures/T_RoofTop_Normal.uexp" 1425
"C:/Git/GitProject/ShootingTPS/Content/LowerSector_Mod/Models/RoofTop/Materials/M_RoofTop.uasset" 1426
"C:/Git/GitProject/ShootingTPS/Content/LowerSector_Mod/Models/RoofTop/Materials/M_RoofTop.uexp" 1427
"C:/Git/GitProject/ShootingTPS/Content/LowerSector_Mod/Models/RoofTop/SM_RoofTop_vent.ubulk" 1428
"C:/Git/GitProject/ShootingTPS/Content/LowerSector_Mod/Models/RoofTop/SM_RoofTop_vent.uasset" 1429
"C:/Git/GitProject/ShootingTPS/Content/LowerSector_Mod/Models/RoofTop/SM_RoofTop_vent.uexp" 1430
"C:/Git/GitProject/ShootingTPS/Content/LowerSector_Mod/Models/RollDoor01/SM_RollDoor01_B.ubulk" 1431
"C:/Git/GitProject/ShootingTPS/Content/LowerSector_Mod/Models/RollDoor01/SM_RollDoor01_B.uasset" 1432
"C:/Git/GitProject/ShootingTPS/Content/LowerSector_Mod/Models/RollDoor01/SM_RollDoor01_B.uexp" 1433
"C:/Git/GitProject/ShootingTPS/Content/LowerSector_Mod/Models/Entrance02/SM_EntranceTrim2.ubulk" 1434
"C:/Git/GitProject/ShootingTPS/Content/LowerSector_Mod/Models/Entrance02/SM_EntranceTrim2.uasset" 1435
"C:/Git/GitProject/ShootingTPS/Content/LowerSector_Mod/Models/Entrance02/SM_EntranceTrim2.uexp" 1436
"C:/Git/GitProject/ShootingTPS/Content/LowerSector_Mod/Models/Cables/SM_CablesLarge.ubulk" 1437
"C:/Git/GitProject/ShootingTPS/Content/LowerSector_Mod/Models/Cables/SM_CablesLarge.uasset" 1438
"C:/Git/GitProject/ShootingTPS/Content/LowerSector_Mod/Models/Cables/SM_CablesLarge.uexp" 1439
"../../../Engine/Content/MapTemplates/SM_Template_Map_Floor.ubulk" 1440
"../../../Engine/Content/MapTemplates/SM_Template_Map_Floor.uasset" 1441
"../../../Engine/Content/MapTemplates/SM_Template_Map_Floor.uexp" 1442
"C:/Git/GitProject/ShootingTPS/Content/LowerSector_Mod/Models/Tower8x/Materials/MI_Tower8x_Inst3.uasset" 1443
"C:/Git/GitProject/ShootingTPS/Content/LowerSector_Mod/Models/Tower8x/Materials/MI_Tower8x_Inst3.uexp" 1444
"C:/Git/GitProject/ShootingTPS/Content/LowerSector_Mod/Models/Decals/Textures/T_CC0.ubulk" 1445
"C:/Git/GitProject/ShootingTPS/Content/LowerSector_Mod/Models/Decals/Textures/T_CC0.uasset" 1446
"C:/Git/GitProject/ShootingTPS/Content/LowerSector_Mod/Models/Decals/Textures/T_CC0.uexp" 1447
"C:/Git/GitProject/ShootingTPS/Content/LowerSector_Mod/Models/Decals/Materials/M_Decal_CC0.uasset" 1448
"C:/Git/GitProject/ShootingTPS/Content/LowerSector_Mod/Models/Decals/Materials/M_Decal_CC0.uexp" 1449
"C:/Git/GitProject/ShootingTPS/Content/LowerSector_Mod/Models/Cables/Materials/M_Material_005.uasset" 1450
"C:/Git/GitProject/ShootingTPS/Content/LowerSector_Mod/Models/Cables/Materials/M_Material_005.uexp" 1451
"C:/Git/GitProject/ShootingTPS/Content/LowerSector_Mod/Models/Workshop/SM_Workshop_Tool3.ubulk" 1452
"C:/Git/GitProject/ShootingTPS/Content/LowerSector_Mod/Models/Workshop/SM_Workshop_Tool3.uasset" 1453
"C:/Git/GitProject/ShootingTPS/Content/LowerSector_Mod/Models/Workshop/SM_Workshop_Tool3.uexp" 1454
"C:/Git/GitProject/ShootingTPS/Content/LowerSector_Mod/Models/Workshop/SM_Workshop_Tool5.ubulk" 1455
"C:/Git/GitProject/ShootingTPS/Content/LowerSector_Mod/Models/Workshop/SM_Workshop_Tool5.uasset" 1456
"C:/Git/GitProject/ShootingTPS/Content/LowerSector_Mod/Models/Workshop/SM_Workshop_Tool5.uexp" 1457
"C:/Git/GitProject/ShootingTPS/Content/LowerSector_Mod/Models/Decals/Materials/M_DecalFace1.uasset" 1458
"C:/Git/GitProject/ShootingTPS/Content/LowerSector_Mod/Models/Decals/Materials/M_DecalFace1.uexp" 1459
"C:/Git/GitProject/ShootingTPS/Content/LowerSector_Mod/Models/Skybridge/SM_SkyBridge_panel.ubulk" 1460
"C:/Git/GitProject/ShootingTPS/Content/LowerSector_Mod/Models/Skybridge/SM_SkyBridge_panel.uasset" 1461
"C:/Git/GitProject/ShootingTPS/Content/LowerSector_Mod/Models/Skybridge/SM_SkyBridge_panel.uexp" 1462
"C:/Git/GitProject/ShootingTPS/Content/LowerSector_Mod/Models/Workshop/SM_Workshop_drawers.ubulk" 1463
"C:/Git/GitProject/ShootingTPS/Content/LowerSector_Mod/Models/Workshop/SM_Workshop_drawers.uasset" 1464
"C:/Git/GitProject/ShootingTPS/Content/LowerSector_Mod/Models/Workshop/SM_Workshop_drawers.uexp" 1465
"C:/Git/GitProject/ShootingTPS/Content/LowerSector_Mod/Models/Entrance01/Textures/T_Entrance01_Normal.ubulk" 1466
"C:/Git/GitProject/ShootingTPS/Content/LowerSector_Mod/Models/Entrance01/Textures/T_Entrance01_Normal.uasset" 1467
"C:/Git/GitProject/ShootingTPS/Content/LowerSector_Mod/Models/Entrance01/Textures/T_Entrance01_Normal.uexp" 1468
"C:/Git/GitProject/ShootingTPS/Content/LowerSector_Mod/Models/Entrance01/Textures/T_Entrance01_Emissive.ubulk" 1469
"C:/Git/GitProject/ShootingTPS/Content/LowerSector_Mod/Models/Entrance01/Textures/T_Entrance01_Emissive.uasset" 1470
"C:/Git/GitProject/ShootingTPS/Content/LowerSector_Mod/Models/Entrance01/Textures/T_Entrance01_Emissive.uexp" 1471
"C:/Git/GitProject/ShootingTPS/Content/LowerSector_Mod/Models/Entrance01/Textures/T_Entrance01_OcclusionRoughnessMetallic.ubulk" 1472
"C:/Git/GitProject/ShootingTPS/Content/LowerSector_Mod/Models/Entrance01/Textures/T_Entrance01_OcclusionRoughnessMetallic.uasset" 1473
"C:/Git/GitProject/ShootingTPS/Content/LowerSector_Mod/Models/Entrance01/Textures/T_Entrance01_OcclusionRoughnessMetallic.uexp" 1474
"C:/Git/GitProject/ShootingTPS/Content/LowerSector_Mod/Models/Entrance01/Textures/T_Entrance01_BaseColor.ubulk" 1475
"C:/Git/GitProject/ShootingTPS/Content/LowerSector_Mod/Models/Entrance01/Textures/T_Entrance01_BaseColor.uasset" 1476
"C:/Git/GitProject/ShootingTPS/Content/LowerSector_Mod/Models/Entrance01/Textures/T_Entrance01_BaseColor.uexp" 1477
"C:/Git/GitProject/ShootingTPS/Content/LowerSector_Mod/Models/Entrance01/Materials/M_Entrance01.uasset" 1478
"C:/Git/GitProject/ShootingTPS/Content/LowerSector_Mod/Models/Entrance01/Materials/M_Entrance01.uexp" 1479
"C:/Git/GitProject/ShootingTPS/Content/LowerSector_Mod/Models/Entrance01/SM_Entrance01_Door.ubulk" 1480
"C:/Git/GitProject/ShootingTPS/Content/LowerSector_Mod/Models/Entrance01/SM_Entrance01_Door.uasset" 1481
"C:/Git/GitProject/ShootingTPS/Content/LowerSector_Mod/Models/Entrance01/SM_Entrance01_Door.uexp" 1482
"C:/Git/GitProject/ShootingTPS/Content/LowerSector_Mod/Models/Cables/Materials/M_Material_008.uasset" 1483
"C:/Git/GitProject/ShootingTPS/Content/LowerSector_Mod/Models/Cables/Materials/M_Material_008.uexp" 1484
"C:/Git/GitProject/ShootingTPS/Content/LowerSector_Mod/Models/SkyTower/SM_SkyTower3.ubulk" 1485
"C:/Git/GitProject/ShootingTPS/Content/LowerSector_Mod/Models/SkyTower/SM_SkyTower3.uasset" 1486
"C:/Git/GitProject/ShootingTPS/Content/LowerSector_Mod/Models/SkyTower/SM_SkyTower3.uexp" 1487
"C:/Git/GitProject/ShootingTPS/Content/LowerSector_Mod/Models/Workshop/SM_Workshop_Tool2.ubulk" 1488
"C:/Git/GitProject/ShootingTPS/Content/LowerSector_Mod/Models/Workshop/SM_Workshop_Tool2.uasset" 1489
"C:/Git/GitProject/ShootingTPS/Content/LowerSector_Mod/Models/Workshop/SM_Workshop_Tool2.uexp" 1490
"C:/Git/GitProject/ShootingTPS/Content/LowerSector_Mod/Models/Apartment01/SM_Apartment01_balcony.ubulk" 1491
"C:/Git/GitProject/ShootingTPS/Content/LowerSector_Mod/Models/Apartment01/SM_Apartment01_balcony.uasset" 1492
"C:/Git/GitProject/ShootingTPS/Content/LowerSector_Mod/Models/Apartment01/SM_Apartment01_balcony.uexp" 1493
"C:/Git/GitProject/ShootingTPS/Content/LowerSector_Mod/Models/Decals/Textures/T_Decal_PaintLine01.ubulk" 1494
"C:/Git/GitProject/ShootingTPS/Content/LowerSector_Mod/Models/Decals/Textures/T_Decal_PaintLine01.uasset" 1495
"C:/Git/GitProject/ShootingTPS/Content/LowerSector_Mod/Models/Decals/Textures/T_Decal_PaintLine01.uexp" 1496
"C:/Git/GitProject/ShootingTPS/Content/LowerSector_Mod/Models/Decals/Materials/M_Decal_Paintline_red.uasset" 1497
"C:/Git/GitProject/ShootingTPS/Content/LowerSector_Mod/Models/Decals/Materials/M_Decal_Paintline_red.uexp" 1498
"C:/Git/GitProject/ShootingTPS/Content/LowerSector_Mod/Models/Decals/Materials/MI_Decal_Paintline_white_Inst.uasset" 1499
"C:/Git/GitProject/ShootingTPS/Content/LowerSector_Mod/Models/Decals/Materials/MI_Decal_Paintline_white_Inst.uexp" 1500
"C:/Git/GitProject/ShootingTPS/Content/LowerSector_Mod/Models/SkyTower/SM_SkyTower1.ubulk" 1501
"C:/Git/GitProject/ShootingTPS/Content/LowerSector_Mod/Models/SkyTower/SM_SkyTower1.uasset" 1502
"C:/Git/GitProject/ShootingTPS/Content/LowerSector_Mod/Models/SkyTower/SM_SkyTower1.uexp" 1503
"C:/Git/GitProject/ShootingTPS/Content/LowerSector_Mod/Models/Pipes/SM_PipeSM5.ubulk" 1504
"C:/Git/GitProject/ShootingTPS/Content/LowerSector_Mod/Models/Pipes/SM_PipeSM5.uasset" 1505
"C:/Git/GitProject/ShootingTPS/Content/LowerSector_Mod/Models/Pipes/SM_PipeSM5.uexp" 1506
"C:/Git/GitProject/ShootingTPS/Content/LowerSector_Mod/Models/Entrance01/SM_Entrance01.ubulk" 1507
"C:/Git/GitProject/ShootingTPS/Content/LowerSector_Mod/Models/Entrance01/SM_Entrance01.uasset" 1508
"C:/Git/GitProject/ShootingTPS/Content/LowerSector_Mod/Models/Entrance01/SM_Entrance01.uexp" 1509
"C:/Git/GitProject/ShootingTPS/Content/LowerSector_Mod/Models/Pipes/SM_PipeSM3.ubulk" 1510
"C:/Git/GitProject/ShootingTPS/Content/LowerSector_Mod/Models/Pipes/SM_PipeSM3.uasset" 1511
"C:/Git/GitProject/ShootingTPS/Content/LowerSector_Mod/Models/Pipes/SM_PipeSM3.uexp" 1512
"C:/Git/GitProject/ShootingTPS/Content/LowerSector_Mod/Models/PowerBox/Textures/T_PowerBox_OcclusionRoughnessMetallic.ubulk" 1513
"C:/Git/GitProject/ShootingTPS/Content/LowerSector_Mod/Models/PowerBox/Textures/T_PowerBox_OcclusionRoughnessMetallic.uasset" 1514
"C:/Git/GitProject/ShootingTPS/Content/LowerSector_Mod/Models/PowerBox/Textures/T_PowerBox_OcclusionRoughnessMetallic.uexp" 1515
"C:/Git/GitProject/ShootingTPS/Content/LowerSector_Mod/Models/PowerBox/Textures/T_PowerBox_BaseColor.ubulk" 1516
"C:/Git/GitProject/ShootingTPS/Content/LowerSector_Mod/Models/PowerBox/Textures/T_PowerBox_BaseColor.uasset" 1517
"C:/Git/GitProject/ShootingTPS/Content/LowerSector_Mod/Models/PowerBox/Textures/T_PowerBox_BaseColor.uexp" 1518
"C:/Git/GitProject/ShootingTPS/Content/LowerSector_Mod/Models/PowerBox/Textures/T_PowerBox_Emissive.ubulk" 1519
"C:/Git/GitProject/ShootingTPS/Content/LowerSector_Mod/Models/PowerBox/Textures/T_PowerBox_Emissive.uasset" 1520
"C:/Git/GitProject/ShootingTPS/Content/LowerSector_Mod/Models/PowerBox/Textures/T_PowerBox_Emissive.uexp" 1521
"C:/Git/GitProject/ShootingTPS/Content/LowerSector_Mod/Models/PowerBox/Textures/T_PowerBox_Normal.ubulk" 1522
"C:/Git/GitProject/ShootingTPS/Content/LowerSector_Mod/Models/PowerBox/Textures/T_PowerBox_Normal.uasset" 1523
"C:/Git/GitProject/ShootingTPS/Content/LowerSector_Mod/Models/PowerBox/Textures/T_PowerBox_Normal.uexp" 1524
"C:/Git/GitProject/ShootingTPS/Content/LowerSector_Mod/Models/PowerBox/Materials/M_PowerBox.uasset" 1525
"C:/Git/GitProject/ShootingTPS/Content/LowerSector_Mod/Models/PowerBox/Materials/M_PowerBox.uexp" 1526
"C:/Git/GitProject/ShootingTPS/Content/LowerSector_Mod/Models/PowerBox/SM_PowerBox.ubulk" 1527
"C:/Git/GitProject/ShootingTPS/Content/LowerSector_Mod/Models/PowerBox/SM_PowerBox.uasset" 1528
"C:/Git/GitProject/ShootingTPS/Content/LowerSector_Mod/Models/PowerBox/SM_PowerBox.uexp" 1529
"C:/Git/GitProject/ShootingTPS/Content/LowerSector_Mod/Models/Building01/SM_BuildMid01_low.ubulk" 1530
"C:/Git/GitProject/ShootingTPS/Content/LowerSector_Mod/Models/Building01/SM_BuildMid01_low.uasset" 1531
"C:/Git/GitProject/ShootingTPS/Content/LowerSector_Mod/Models/Building01/SM_BuildMid01_low.uexp" 1532
"C:/Git/GitProject/ShootingTPS/Content/LowerSector_Mod/Models/PowerCar/Textures/T_PowerCar_Normal.ubulk" 1533
"C:/Git/GitProject/ShootingTPS/Content/LowerSector_Mod/Models/PowerCar/Textures/T_PowerCar_Normal.uasset" 1534
"C:/Git/GitProject/ShootingTPS/Content/LowerSector_Mod/Models/PowerCar/Textures/T_PowerCar_Normal.uexp" 1535
"C:/Git/GitProject/ShootingTPS/Content/LowerSector_Mod/Models/PowerCar/Textures/T_PowerCar_BaseColor.ubulk" 1536
"C:/Git/GitProject/ShootingTPS/Content/LowerSector_Mod/Models/PowerCar/Textures/T_PowerCar_BaseColor.uasset" 1537
"C:/Git/GitProject/ShootingTPS/Content/LowerSector_Mod/Models/PowerCar/Textures/T_PowerCar_BaseColor.uexp" 1538
"C:/Git/GitProject/ShootingTPS/Content/LowerSector_Mod/Models/PowerCar/Textures/T_PowerCar_OcclusionRoughnessMetallic.ubulk" 1539
"C:/Git/GitProject/ShootingTPS/Content/LowerSector_Mod/Models/PowerCar/Textures/T_PowerCar_OcclusionRoughnessMetallic.uasset" 1540
"C:/Git/GitProject/ShootingTPS/Content/LowerSector_Mod/Models/PowerCar/Textures/T_PowerCar_OcclusionRoughnessMetallic.uexp" 1541
"C:/Git/GitProject/ShootingTPS/Content/LowerSector_Mod/Models/PowerCar/Textures/T_PowerCar_Emissive.ubulk" 1542
"C:/Git/GitProject/ShootingTPS/Content/LowerSector_Mod/Models/PowerCar/Textures/T_PowerCar_Emissive.uasset" 1543
"C:/Git/GitProject/ShootingTPS/Content/LowerSector_Mod/Models/PowerCar/Textures/T_PowerCar_Emissive.uexp" 1544
"C:/Git/GitProject/ShootingTPS/Content/LowerSector_Mod/Models/PowerCar/Materials/M_PowerCar.uasset" 1545
"C:/Git/GitProject/ShootingTPS/Content/LowerSector_Mod/Models/PowerCar/Materials/M_PowerCar.uexp" 1546
"C:/Git/GitProject/ShootingTPS/Content/LowerSector_Mod/Models/PowerCar/SM_PowerCar.ubulk" 1547
"C:/Git/GitProject/ShootingTPS/Content/LowerSector_Mod/Models/PowerCar/SM_PowerCar.uasset" 1548
"C:/Git/GitProject/ShootingTPS/Content/LowerSector_Mod/Models/PowerCar/SM_PowerCar.uexp" 1549
"C:/Git/GitProject/ShootingTPS/Content/LowerSector_Mod/Models/Cables/SM_Girder.ubulk" 1550
"C:/Git/GitProject/ShootingTPS/Content/LowerSector_Mod/Models/Cables/SM_Girder.uasset" 1551
"C:/Git/GitProject/ShootingTPS/Content/LowerSector_Mod/Models/Cables/SM_Girder.uexp" 1552
"C:/Git/GitProject/ShootingTPS/Content/LowerSector_Mod/Materials/BlockoutMaterials/M_Glass.uasset" 1553
"C:/Git/GitProject/ShootingTPS/Content/LowerSector_Mod/Materials/BlockoutMaterials/M_Glass.uexp" 1554
"C:/Git/GitProject/ShootingTPS/Content/LowerSector_Mod/Models/Cables/SM_Cable_Vent.ubulk" 1555
"C:/Git/GitProject/ShootingTPS/Content/LowerSector_Mod/Models/Cables/SM_Cable_Vent.uasset" 1556
"C:/Git/GitProject/ShootingTPS/Content/LowerSector_Mod/Models/Cables/SM_Cable_Vent.uexp" 1557
"C:/Git/GitProject/ShootingTPS/Content/LowerSector_Mod/Materials/BlockoutMaterials/M_FlickerlIght.uasset" 1558
"C:/Git/GitProject/ShootingTPS/Content/LowerSector_Mod/Materials/BlockoutMaterials/M_FlickerlIght.uexp" 1559
"C:/Git/GitProject/ShootingTPS/Content/LowerSector_Mod/Models/Entrance02/SM_Entrance02.ubulk" 1560
"C:/Git/GitProject/ShootingTPS/Content/LowerSector_Mod/Models/Entrance02/SM_Entrance02.uasset" 1561
"C:/Git/GitProject/ShootingTPS/Content/LowerSector_Mod/Models/Entrance02/SM_Entrance02.uexp" 1562
"C:/Git/GitProject/ShootingTPS/Content/LowerSector_Mod/Models/Decals/Textures/T_Decal_Skellyface.uasset" 1563
"C:/Git/GitProject/ShootingTPS/Content/LowerSector_Mod/Models/Decals/Textures/T_Decal_Skellyface.uexp" 1564
"C:/Git/GitProject/ShootingTPS/Content/LowerSector_Mod/Models/Decals/Materials/T_Decal_Skelly_Emis.uasset" 1565
"C:/Git/GitProject/ShootingTPS/Content/LowerSector_Mod/Models/Decals/Materials/T_Decal_Skelly_Emis.uexp" 1566
"C:/Git/GitProject/ShootingTPS/Content/LowerSector_Mod/Models/Pipes/SM_Pipe1_T.ubulk" 1567
"C:/Git/GitProject/ShootingTPS/Content/LowerSector_Mod/Models/Pipes/SM_Pipe1_T.uasset" 1568
"C:/Git/GitProject/ShootingTPS/Content/LowerSector_Mod/Models/Pipes/SM_Pipe1_T.uexp" 1569
"C:/Git/GitProject/ShootingTPS/Content/LowerSector_Mod/Models/Workshop/SM_Workshop_Tool6.ubulk" 1570
"C:/Git/GitProject/ShootingTPS/Content/LowerSector_Mod/Models/Workshop/SM_Workshop_Tool6.uasset" 1571
"C:/Git/GitProject/ShootingTPS/Content/LowerSector_Mod/Models/Workshop/SM_Workshop_Tool6.uexp" 1572
"C:/Git/GitProject/ShootingTPS/Content/LowerSector_Mod/Models/PowerCar/SM_PowerCar_02.ubulk" 1573
"C:/Git/GitProject/ShootingTPS/Content/LowerSector_Mod/Models/PowerCar/SM_PowerCar_02.uasset" 1574
"C:/Git/GitProject/ShootingTPS/Content/LowerSector_Mod/Models/PowerCar/SM_PowerCar_02.uexp" 1575
"C:/Git/GitProject/ShootingTPS/Content/LowerSector_Mod/Models/BG_Buildings/SM_BG_Building01.ubulk" 1576
"C:/Git/GitProject/ShootingTPS/Content/LowerSector_Mod/Models/BG_Buildings/SM_BG_Building01.uasset" 1577
"C:/Git/GitProject/ShootingTPS/Content/LowerSector_Mod/Models/BG_Buildings/SM_BG_Building01.uexp" 1578
"C:/Git/GitProject/ShootingTPS/Content/LowerSector_Mod/Models/RollDoor01/SM_DoorLight01.ubulk" 1579
"C:/Git/GitProject/ShootingTPS/Content/LowerSector_Mod/Models/RollDoor01/SM_DoorLight01.uasset" 1580
"C:/Git/GitProject/ShootingTPS/Content/LowerSector_Mod/Models/RollDoor01/SM_DoorLight01.uexp" 1581
"C:/Git/GitProject/ShootingTPS/Content/LowerSector_Mod/Models/Apartment01/SM_Apartments01_trim2.ubulk" 1582
"C:/Git/GitProject/ShootingTPS/Content/LowerSector_Mod/Models/Apartment01/SM_Apartments01_trim2.uasset" 1583
"C:/Git/GitProject/ShootingTPS/Content/LowerSector_Mod/Models/Apartment01/SM_Apartments01_trim2.uexp" 1584
"C:/Git/GitProject/ShootingTPS/Content/LowerSector_Mod/Models/Tower8x/Materials/MI_Tower8x_Inst.uasset" 1585
"C:/Git/GitProject/ShootingTPS/Content/LowerSector_Mod/Models/Tower8x/Materials/MI_Tower8x_Inst.uexp" 1586
"C:/Git/GitProject/ShootingTPS/Content/LowerSector_Mod/Models/Wall01/Textures/T_Wall01_BaseColor.ubulk" 1587
"C:/Git/GitProject/ShootingTPS/Content/LowerSector_Mod/Models/Wall01/Textures/T_Wall01_BaseColor.uasset" 1588
"C:/Git/GitProject/ShootingTPS/Content/LowerSector_Mod/Models/Wall01/Textures/T_Wall01_BaseColor.uexp" 1589
"C:/Git/GitProject/ShootingTPS/Content/LowerSector_Mod/Models/Wall01/Textures/T_Wall01_OcclusionRoughnessMetallic.ubulk" 1590
"C:/Git/GitProject/ShootingTPS/Content/LowerSector_Mod/Models/Wall01/Textures/T_Wall01_OcclusionRoughnessMetallic.uasset" 1591
"C:/Git/GitProject/ShootingTPS/Content/LowerSector_Mod/Models/Wall01/Textures/T_Wall01_OcclusionRoughnessMetallic.uexp" 1592
"C:/Git/GitProject/ShootingTPS/Content/LowerSector_Mod/Models/Wall01/Textures/T_Wall01_Normal.ubulk" 1593
"C:/Git/GitProject/ShootingTPS/Content/LowerSector_Mod/Models/Wall01/Textures/T_Wall01_Normal.uasset" 1594
"C:/Git/GitProject/ShootingTPS/Content/LowerSector_Mod/Models/Wall01/Textures/T_Wall01_Normal.uexp" 1595
"C:/Git/GitProject/ShootingTPS/Content/LowerSector_Mod/Models/Wall01/Materials/M_Wall01.uasset" 1596
"C:/Git/GitProject/ShootingTPS/Content/LowerSector_Mod/Models/Wall01/Materials/M_Wall01.uexp" 1597
"C:/Git/GitProject/ShootingTPS/Content/LowerSector_Mod/Models/Wall01/SM_Wall01_L0.ubulk" 1598
"C:/Git/GitProject/ShootingTPS/Content/LowerSector_Mod/Models/Wall01/SM_Wall01_L0.uasset" 1599
"C:/Git/GitProject/ShootingTPS/Content/LowerSector_Mod/Models/Wall01/SM_Wall01_L0.uexp" 1600
"C:/Git/GitProject/ShootingTPS/Content/LowerSector_Mod/Models/Workshop/SM_Workshop_Tool1.ubulk" 1601
"C:/Git/GitProject/ShootingTPS/Content/LowerSector_Mod/Models/Workshop/SM_Workshop_Tool1.uasset" 1602
"C:/Git/GitProject/ShootingTPS/Content/LowerSector_Mod/Models/Workshop/SM_Workshop_Tool1.uexp" 1603
"C:/Git/GitProject/ShootingTPS/Content/LowerSector_Mod/Models/Workshop/SM_Table01_Shelf.ubulk" 1604
"C:/Git/GitProject/ShootingTPS/Content/LowerSector_Mod/Models/Workshop/SM_Table01_Shelf.uasset" 1605
"C:/Git/GitProject/ShootingTPS/Content/LowerSector_Mod/Models/Workshop/SM_Table01_Shelf.uexp" 1606
"C:/Git/GitProject/ShootingTPS/Content/LowerSector_Mod/Models/RoofTop/SM_RoofTop_sign.ubulk" 1607
"C:/Git/GitProject/ShootingTPS/Content/LowerSector_Mod/Models/RoofTop/SM_RoofTop_sign.uasset" 1608
"C:/Git/GitProject/ShootingTPS/Content/LowerSector_Mod/Models/RoofTop/SM_RoofTop_sign.uexp" 1609
"C:/Git/GitProject/ShootingTPS/Content/LowerSector_Mod/Models/Pipes/SM_Pipes_Frame.ubulk" 1610
"C:/Git/GitProject/ShootingTPS/Content/LowerSector_Mod/Models/Pipes/SM_Pipes_Frame.uasset" 1611
"C:/Git/GitProject/ShootingTPS/Content/LowerSector_Mod/Models/Pipes/SM_Pipes_Frame.uexp" 1612
"C:/Git/GitProject/ShootingTPS/Content/LowerSector_Mod/Models/Workshop/SM_Workshop_Cont3.ubulk" 1613
"C:/Git/GitProject/ShootingTPS/Content/LowerSector_Mod/Models/Workshop/SM_Workshop_Cont3.uasset" 1614
"C:/Git/GitProject/ShootingTPS/Content/LowerSector_Mod/Models/Workshop/SM_Workshop_Cont3.uexp" 1615
"C:/Git/GitProject/ShootingTPS/Content/LowerSector_Mod/Models/Decals/Textures/T_Decal_WallGraphic01.uasset" 1616
"C:/Git/GitProject/ShootingTPS/Content/LowerSector_Mod/Models/Decals/Textures/T_Decal_WallGraphic01.uexp" 1617
"C:/Git/GitProject/ShootingTPS/Content/LowerSector_Mod/Models/Decals/Materials/M_Decal_WallGraphic1.uasset" 1618
"C:/Git/GitProject/ShootingTPS/Content/LowerSector_Mod/Models/Decals/Materials/M_Decal_WallGraphic1.uexp" 1619
"C:/Git/GitProject/ShootingTPS/Content/LowerSector_Mod/Models/Building01/Textures/T_B_01_corner01_OcclusionRoughnessMetallic.ubulk" 1620
"C:/Git/GitProject/ShootingTPS/Content/LowerSector_Mod/Models/Building01/Textures/T_B_01_corner01_OcclusionRoughnessMetallic.uasset" 1621
"C:/Git/GitProject/ShootingTPS/Content/LowerSector_Mod/Models/Building01/Textures/T_B_01_corner01_OcclusionRoughnessMetallic.uexp" 1622
"C:/Git/GitProject/ShootingTPS/Content/LowerSector_Mod/Models/Building01/Textures/T_B_01_corner01_Normal.ubulk" 1623
"C:/Git/GitProject/ShootingTPS/Content/LowerSector_Mod/Models/Building01/Textures/T_B_01_corner01_Normal.uasset" 1624
"C:/Git/GitProject/ShootingTPS/Content/LowerSector_Mod/Models/Building01/Textures/T_B_01_corner01_Normal.uexp" 1625
"C:/Git/GitProject/ShootingTPS/Content/LowerSector_Mod/Models/Building01/Textures/T_B_01_corner01_BaseColor.ubulk" 1626
"C:/Git/GitProject/ShootingTPS/Content/LowerSector_Mod/Models/Building01/Textures/T_B_01_corner01_BaseColor.uasset" 1627
"C:/Git/GitProject/ShootingTPS/Content/LowerSector_Mod/Models/Building01/Textures/T_B_01_corner01_BaseColor.uexp" 1628
"C:/Git/GitProject/ShootingTPS/Content/LowerSector_Mod/Models/Building01/Materials/M_B01_Corner01.uasset" 1629
"C:/Git/GitProject/ShootingTPS/Content/LowerSector_Mod/Models/Building01/Materials/M_B01_Corner01.uexp" 1630
"C:/Git/GitProject/ShootingTPS/Content/LowerSector_Mod/Models/Building01/SM_BuildCorner01_low.ubulk" 1631
"C:/Git/GitProject/ShootingTPS/Content/LowerSector_Mod/Models/Building01/SM_BuildCorner01_low.uasset" 1632
"C:/Git/GitProject/ShootingTPS/Content/LowerSector_Mod/Models/Building01/SM_BuildCorner01_low.uexp" 1633
"C:/Git/GitProject/ShootingTPS/Content/LowerSector_Mod/Models/SideWalk/SM_SideWalk01.ubulk" 1634
"C:/Git/GitProject/ShootingTPS/Content/LowerSector_Mod/Models/SideWalk/SM_SideWalk01.uasset" 1635
"C:/Git/GitProject/ShootingTPS/Content/LowerSector_Mod/Models/SideWalk/SM_SideWalk01.uexp" 1636
"C:/Git/GitProject/ShootingTPS/Content/LowerSector_Mod/Models/Tower8x/Materials/MI_Tower8x_Inst1.uasset" 1637
"C:/Git/GitProject/ShootingTPS/Content/LowerSector_Mod/Models/Tower8x/Materials/MI_Tower8x_Inst1.uexp" 1638
"C:/Git/GitProject/ShootingTPS/Content/LowerSector_Mod/Models/SideWalk/SM_Sidewalk02.ubulk" 1639
"C:/Git/GitProject/ShootingTPS/Content/LowerSector_Mod/Models/SideWalk/SM_Sidewalk02.uasset" 1640
"C:/Git/GitProject/ShootingTPS/Content/LowerSector_Mod/Models/SideWalk/SM_Sidewalk02.uexp" 1641
"C:/Git/GitProject/ShootingTPS/Content/LowerSector_Mod/Models/BuildingPaneling01/SM_BuildingPaneling01A.ubulk" 1642
"C:/Git/GitProject/ShootingTPS/Content/LowerSector_Mod/Models/BuildingPaneling01/SM_BuildingPaneling01A.uasset" 1643
"C:/Git/GitProject/ShootingTPS/Content/LowerSector_Mod/Models/BuildingPaneling01/SM_BuildingPaneling01A.uexp" 1644
"C:/Git/GitProject/ShootingTPS/Content/LowerSector_Mod/Models/Entrance02/SM_EntranceTrim1.ubulk" 1645
"C:/Git/GitProject/ShootingTPS/Content/LowerSector_Mod/Models/Entrance02/SM_EntranceTrim1.uasset" 1646
"C:/Git/GitProject/ShootingTPS/Content/LowerSector_Mod/Models/Entrance02/SM_EntranceTrim1.uexp" 1647
"C:/Git/GitProject/ShootingTPS/Content/LowerSector_Mod/Materials/BlockoutMaterials/M_Emiss_blue.uasset" 1648
"C:/Git/GitProject/ShootingTPS/Content/LowerSector_Mod/Materials/BlockoutMaterials/M_Emiss_blue.uexp" 1649
"C:/Git/GitProject/ShootingTPS/Content/LowerSector_Mod/Models/Decals/Materials/T_Decal_Skelly.uasset" 1650
"C:/Git/GitProject/ShootingTPS/Content/LowerSector_Mod/Models/Decals/Materials/T_Decal_Skelly.uexp" 1651
"C:/Git/GitProject/ShootingTPS/Content/LowerSector_Mod/Models/Cables/SM_CableTower01_box2.ubulk" 1652
"C:/Git/GitProject/ShootingTPS/Content/LowerSector_Mod/Models/Cables/SM_CableTower01_box2.uasset" 1653
"C:/Git/GitProject/ShootingTPS/Content/LowerSector_Mod/Models/Cables/SM_CableTower01_box2.uexp" 1654
"C:/Git/GitProject/ShootingTPS/Content/LowerSector_Mod/Models/Cables/SM_Cable_Port.ubulk" 1655
"C:/Git/GitProject/ShootingTPS/Content/LowerSector_Mod/Models/Cables/SM_Cable_Port.uasset" 1656
"C:/Git/GitProject/ShootingTPS/Content/LowerSector_Mod/Models/Cables/SM_Cable_Port.uexp" 1657
"C:/Git/GitProject/ShootingTPS/Content/LowerSector_Mod/Models/RoofTop/SM_RoofTop_Wall.ubulk" 1658
"C:/Git/GitProject/ShootingTPS/Content/LowerSector_Mod/Models/RoofTop/SM_RoofTop_Wall.uasset" 1659
"C:/Git/GitProject/ShootingTPS/Content/LowerSector_Mod/Models/RoofTop/SM_RoofTop_Wall.uexp" 1660
"../../../Engine/Content/EngineSky/M_SimpleSkyDome.uasset" 1661
"../../../Engine/Content/EngineSky/M_SimpleSkyDome.uexp" 1662
"C:/Git/GitProject/ShootingTPS/Content/LowerSector_Mod/Models/Pipes/SM_PipeCon.ubulk" 1663
"C:/Git/GitProject/ShootingTPS/Content/LowerSector_Mod/Models/Pipes/SM_PipeCon.uasset" 1664
"C:/Git/GitProject/ShootingTPS/Content/LowerSector_Mod/Models/Pipes/SM_PipeCon.uexp" 1665
"C:/Git/GitProject/ShootingTPS/Content/LowerSector_Mod/Models/Workshop/SM_Workshop_Cont6.ubulk" 1666
"C:/Git/GitProject/ShootingTPS/Content/LowerSector_Mod/Models/Workshop/SM_Workshop_Cont6.uasset" 1667
"C:/Git/GitProject/ShootingTPS/Content/LowerSector_Mod/Models/Workshop/SM_Workshop_Cont6.uexp" 1668
"C:/Git/GitProject/ShootingTPS/Content/LowerSector_Mod/Models/Workshop/SM_Table01.ubulk" 1669
"C:/Git/GitProject/ShootingTPS/Content/LowerSector_Mod/Models/Workshop/SM_Table01.uasset" 1670
"C:/Git/GitProject/ShootingTPS/Content/LowerSector_Mod/Models/Workshop/SM_Table01.uexp" 1671
"C:/Git/GitProject/ShootingTPS/Content/LowerSector_Mod/Models/Decals/Textures/T_Ground_Decal01.ubulk" 1672
"C:/Git/GitProject/ShootingTPS/Content/LowerSector_Mod/Models/Decals/Textures/T_Ground_Decal01.uasset" 1673
"C:/Git/GitProject/ShootingTPS/Content/LowerSector_Mod/Models/Decals/Textures/T_Ground_Decal01.uexp" 1674
"C:/Git/GitProject/ShootingTPS/Content/LowerSector_Mod/Models/Decals/Materials/M_Decal_Ground01.uasset" 1675
"C:/Git/GitProject/ShootingTPS/Content/LowerSector_Mod/Models/Decals/Materials/M_Decal_Ground01.uexp" 1676
"C:/Git/GitProject/ShootingTPS/Content/LowerSector_Mod/Models/RollDoor01/SM_RollDoor01.ubulk" 1677
"C:/Git/GitProject/ShootingTPS/Content/LowerSector_Mod/Models/RollDoor01/SM_RollDoor01.uasset" 1678
"C:/Git/GitProject/ShootingTPS/Content/LowerSector_Mod/Models/RollDoor01/SM_RollDoor01.uexp" 1679
"C:/Git/GitProject/ShootingTPS/Content/Maps/StartMenu.uexp" 1680
"C:/Git/GitProject/ShootingTPS/Content/Maps/StartMenu.umap" 1681
"C:/Git/GitProject/ShootingTPS/Content/Blueprint/ObjectPool/BPI_PoolEnemy.uasset" 1682
"C:/Git/GitProject/ShootingTPS/Content/Blueprint/ObjectPool/BPI_PoolEnemy.uexp" 1683
"C:/Git/GitProject/ShootingTPS/Content/Blueprint/EnemySpawner/BP_PoolingEnemy.uasset" 1684
"C:/Git/GitProject/ShootingTPS/Content/Blueprint/EnemySpawner/BP_PoolingEnemy.uexp" 1685
"C:/Git/GitProject/ShootingTPS/Content/Blueprint/EnemySpawner/AC_EnemyPool.uasset" 1686
"C:/Git/GitProject/ShootingTPS/Content/Blueprint/EnemySpawner/AC_EnemyPool.uexp" 1687
"C:/Git/GitProject/ShootingTPS/Content/Blueprint/Interface/BPI_Attack.uasset" 1688
"C:/Git/GitProject/ShootingTPS/Content/Blueprint/Interface/BPI_Attack.uexp" 1689
"C:/Git/GitProject/ShootingTPS/Content/MonsterForSurvivalGame/Mesh/Polyart/ChestMonster_Skeleton.uasset" 1690
"C:/Git/GitProject/ShootingTPS/Content/MonsterForSurvivalGame/Mesh/Polyart/ChestMonster_Skeleton.uexp" 1691
"C:/Git/GitProject/ShootingTPS/Content/MonsterForSurvivalGame/Animation/Polyart/ChestMonster/ChestMonster_Die_ANIM.uasset" 1692
"C:/Git/GitProject/ShootingTPS/Content/MonsterForSurvivalGame/Animation/Polyart/ChestMonster/ChestMonster_Die_ANIM.uexp" 1693
"../../../Engine/Plugins/FX/Niagara/Content/DefaultAssets/DefaultSpriteMaterial.uasset" 1694
"../../../Engine/Plugins/FX/Niagara/Content/DefaultAssets/DefaultSpriteMaterial.uexp" 1695
"C:/Git/GitProject/ShootingTPS/Content/Effect/VFX_EnemyExplosion.uasset" 1696
"C:/Git/GitProject/ShootingTPS/Content/Effect/VFX_EnemyExplosion.uexp" 1697
"C:/Git/GitProject/ShootingTPS/Content/Blueprint/Interface/BPI_Score.uasset" 1698
"C:/Git/GitProject/ShootingTPS/Content/Blueprint/Interface/BPI_Score.uexp" 1699
"C:/Git/GitProject/ShootingTPS/Content/Blueprint/Monster/AI/BB_EnemyBase.uasset" 1700
"C:/Git/GitProject/ShootingTPS/Content/Blueprint/Monster/AI/BB_EnemyBase.uexp" 1701
"C:/Git/GitProject/ShootingTPS/Content/Blueprint/Interface/BPI_Patrol.uasset" 1702
"C:/Git/GitProject/ShootingTPS/Content/Blueprint/Interface/BPI_Patrol.uexp" 1703
"C:/Git/GitProject/ShootingTPS/Content/Blueprint/Monster/AI/BTT_StepNextWayPoint.uasset" 1704
"C:/Git/GitProject/ShootingTPS/Content/Blueprint/Monster/AI/BTT_StepNextWayPoint.uexp" 1705
"C:/Git/GitProject/ShootingTPS/Content/Blueprint/Monster/AI/BTS_DistanceToTarget.uasset" 1706
"C:/Git/GitProject/ShootingTPS/Content/Blueprint/Monster/AI/BTS_DistanceToTarget.uexp" 1707
"C:/Git/GitProject/ShootingTPS/Content/Blueprint/Interface/BPI_ModeSet.uasset" 1708
"C:/Git/GitProject/ShootingTPS/Content/Blueprint/Interface/BPI_ModeSet.uexp" 1709
"C:/Git/GitProject/ShootingTPS/Content/Blueprint/Monster/AI/BTT_SearchWaitEnd.uasset" 1710
"C:/Git/GitProject/ShootingTPS/Content/Blueprint/Monster/AI/BTT_SearchWaitEnd.uexp" 1711
"C:/Git/GitProject/ShootingTPS/Content/Data/E_EnemyState.uasset" 1712
"C:/Git/GitProject/ShootingTPS/Content/Data/E_EnemyState.uexp" 1713
"C:/Git/GitProject/ShootingTPS/Content/Blueprint/Monster/AI/BTT_ModeSet.uasset" 1714
"C:/Git/GitProject/ShootingTPS/Content/Blueprint/Monster/AI/BTT_ModeSet.uexp" 1715
"C:/Git/GitProject/ShootingTPS/Content/Blueprint/Monster/AI/BTT_ChasePlayer.uasset" 1716
"C:/Git/GitProject/ShootingTPS/Content/Blueprint/Monster/AI/BTT_ChasePlayer.uexp" 1717
"C:/Git/GitProject/ShootingTPS/Content/Blueprint/Monster/AI/BTT_AttackPlayer.uasset" 1718
"C:/Git/GitProject/ShootingTPS/Content/Blueprint/Monster/AI/BTT_AttackPlayer.uexp" 1719
"C:/Git/GitProject/ShootingTPS/Content/Blueprint/Monster/AI2/BT_EnemyBase2.uasset" 1720
"C:/Git/GitProject/ShootingTPS/Content/Blueprint/Monster/AI2/BT_EnemyBase2.uexp" 1721
"C:/Git/GitProject/ShootingTPS/Content/Blueprint/Monster/AI/AIC_EnemyBase.uasset" 1722
"C:/Git/GitProject/ShootingTPS/Content/Blueprint/Monster/AI/AIC_EnemyBase.uexp" 1723
"../../../Engine/Plugins/Animation/ACLPlugin/Content/ACLAnimBoneCompressionSettings.uasset" 1724
"../../../Engine/Plugins/Animation/ACLPlugin/Content/ACLAnimBoneCompressionSettings.uexp" 1725
"../../../Engine/Content/Animation/DefaultVariableFrameStrippingSettings.uasset" 1726
"../../../Engine/Content/Animation/DefaultVariableFrameStrippingSettings.uexp" 1727
"C:/Git/GitProject/ShootingTPS/Content/Blueprint/Monster/Animation/Notify/ANS_EnemyAttackSensor.uasset" 1728
"C:/Git/GitProject/ShootingTPS/Content/Blueprint/Monster/Animation/Notify/ANS_EnemyAttackSensor.uexp" 1729
"C:/Git/GitProject/ShootingTPS/Content/MonsterForSurvivalGame/Mesh/PBR/ChestMonster_Skeleton.uasset" 1730
"C:/Git/GitProject/ShootingTPS/Content/MonsterForSurvivalGame/Mesh/PBR/ChestMonster_Skeleton.uexp" 1731
"../../../Engine/Plugins/Animation/ACLPlugin/Content/ACLAnimCurveCompressionSettings.uasset" 1732
"../../../Engine/Plugins/Animation/ACLPlugin/Content/ACLAnimCurveCompressionSettings.uexp" 1733
"C:/Git/GitProject/ShootingTPS/Content/Blueprint/Monster/Animation/ChestMonster_Attack.uasset" 1734
"C:/Git/GitProject/ShootingTPS/Content/Blueprint/Monster/Animation/ChestMonster_Attack.uexp" 1735
"C:/Git/GitProject/ShootingTPS/Content/Blueprint/Monster/Animation/AM_Attack.uasset" 1736
"C:/Git/GitProject/ShootingTPS/Content/Blueprint/Monster/Animation/AM_Attack.uexp" 1737
"C:/Git/GitProject/ShootingTPS/Content/Blueprint/Monster/BP_PoolingEnemy_Base.uasset" 1738
"C:/Git/GitProject/ShootingTPS/Content/Blueprint/Monster/BP_PoolingEnemy_Base.uexp" 1739
"C:/Git/GitProject/ShootingTPS/Content/MonsterForSurvivalGame/Mesh/PBR/ChestMonster_PhysicsAsset.uasset" 1740
"C:/Git/GitProject/ShootingTPS/Content/MonsterForSurvivalGame/Mesh/PBR/ChestMonster_PhysicsAsset.uexp" 1741
"C:/Git/GitProject/ShootingTPS/Content/MonsterForSurvivalGame/Texture/RAM_TEX.ubulk" 1742
"C:/Git/GitProject/ShootingTPS/Content/MonsterForSurvivalGame/Texture/RAM_TEX.uasset" 1743
"C:/Git/GitProject/ShootingTPS/Content/MonsterForSurvivalGame/Texture/RAM_TEX.uexp" 1744
"C:/Git/GitProject/ShootingTPS/Content/MonsterForSurvivalGame/Texture/BasecolorDefault_TEX.ubulk" 1745
"C:/Git/GitProject/ShootingTPS/Content/MonsterForSurvivalGame/Texture/BasecolorDefault_TEX.uasset" 1746
"C:/Git/GitProject/ShootingTPS/Content/MonsterForSurvivalGame/Texture/BasecolorDefault_TEX.uexp" 1747
"C:/Git/GitProject/ShootingTPS/Content/MonsterForSurvivalGame/Texture/Emissive_TEX.ubulk" 1748
"C:/Git/GitProject/ShootingTPS/Content/MonsterForSurvivalGame/Texture/Emissive_TEX.uasset" 1749
"C:/Git/GitProject/ShootingTPS/Content/MonsterForSurvivalGame/Texture/Emissive_TEX.uexp" 1750
"C:/Git/GitProject/ShootingTPS/Content/MonsterForSurvivalGame/Material/DefaultPBR_MAT.uasset" 1751
"C:/Git/GitProject/ShootingTPS/Content/MonsterForSurvivalGame/Material/DefaultPBR_MAT.uexp" 1752
"C:/Git/GitProject/ShootingTPS/Content/MonsterForSurvivalGame/Mesh/PBR/ChestMonster_SK.uasset" 1753
"C:/Git/GitProject/ShootingTPS/Content/MonsterForSurvivalGame/Mesh/PBR/ChestMonster_SK.uexp" 1754
"C:/Git/GitProject/ShootingTPS/Content/MonsterForSurvivalGame/Animation/PBR/ChestMonster/ChestMonster_SenseSomethingRPT_ANIM.uasset" 1755
"C:/Git/GitProject/ShootingTPS/Content/MonsterForSurvivalGame/Animation/PBR/ChestMonster/ChestMonster_SenseSomethingRPT_ANIM.uexp" 1756
"C:/Git/GitProject/ShootingTPS/Content/MonsterForSurvivalGame/Animation/PBR/ChestMonster/ChestMonster_IdleNormal_ANIM.uasset" 1757
"C:/Git/GitProject/ShootingTPS/Content/MonsterForSurvivalGame/Animation/PBR/ChestMonster/ChestMonster_IdleNormal_ANIM.uexp" 1758
"C:/Git/GitProject/ShootingTPS/Content/MonsterForSurvivalGame/Animation/PBR/ChestMonster/ChestMonster_Run_ANIM.uasset" 1759
"C:/Git/GitProject/ShootingTPS/Content/MonsterForSurvivalGame/Animation/PBR/ChestMonster/ChestMonster_Run_ANIM.uexp" 1760
"C:/Git/GitProject/ShootingTPS/Content/MonsterForSurvivalGame/Animation/PBR/ChestMonster/ChestMonster_WalkFWD_ANIM.uasset" 1761
"C:/Git/GitProject/ShootingTPS/Content/MonsterForSurvivalGame/Animation/PBR/ChestMonster/ChestMonster_WalkFWD_ANIM.uexp" 1762
"C:/Git/GitProject/ShootingTPS/Content/Blueprint/Monster/Animation/BS_ChestMon_IdleWalkRun.uasset" 1763
"C:/Git/GitProject/ShootingTPS/Content/Blueprint/Monster/Animation/BS_ChestMon_IdleWalkRun.uexp" 1764
"C:/Git/GitProject/ShootingTPS/Content/MonsterForSurvivalGame/Animation/PBR/ChestMonster/ChestMonster_Die_ANIM.uasset" 1765
"C:/Git/GitProject/ShootingTPS/Content/MonsterForSurvivalGame/Animation/PBR/ChestMonster/ChestMonster_Die_ANIM.uexp" 1766
"C:/Git/GitProject/ShootingTPS/Content/Blueprint/Monster/Animation/ABP_ChestAnim.uasset" 1767
"C:/Git/GitProject/ShootingTPS/Content/Blueprint/Monster/Animation/ABP_ChestAnim.uexp" 1768
"C:/Git/GitProject/ShootingTPS/Content/Blueprint/Monster/BP_Pooling_Chest.uasset" 1769
"C:/Git/GitProject/ShootingTPS/Content/Blueprint/Monster/BP_Pooling_Chest.uexp" 1770
"C:/Git/GitProject/ShootingTPS/Content/MonsterForSurvivalGame/Mesh/PBR/Slime_Skeleton.uasset" 1771
"C:/Git/GitProject/ShootingTPS/Content/MonsterForSurvivalGame/Mesh/PBR/Slime_Skeleton.uexp" 1772
"C:/Git/GitProject/ShootingTPS/Content/Blueprint/Monster/Animation/Slime/Slime_Die_ANIM.uasset" 1773
"C:/Git/GitProject/ShootingTPS/Content/Blueprint/Monster/Animation/Slime/Slime_Die_ANIM.uexp" 1774
"C:/Git/GitProject/ShootingTPS/Content/MonsterForSurvivalGame/Mesh/PBR/Slime_PhysicsAsset.uasset" 1775
"C:/Git/GitProject/ShootingTPS/Content/MonsterForSurvivalGame/Mesh/PBR/Slime_PhysicsAsset.uexp" 1776
"C:/Git/GitProject/ShootingTPS/Content/MonsterForSurvivalGame/Mesh/PBR/Slime_SK.uasset" 1777
"C:/Git/GitProject/ShootingTPS/Content/MonsterForSurvivalGame/Mesh/PBR/Slime_SK.uexp" 1778
"C:/Git/GitProject/ShootingTPS/Content/Blueprint/Monster/Animation/Slime/Slime_SenseSomethingRoutine_ANIM.uasset" 1779
"C:/Git/GitProject/ShootingTPS/Content/Blueprint/Monster/Animation/Slime/Slime_SenseSomethingRoutine_ANIM.uexp" 1780
"C:/Git/GitProject/ShootingTPS/Content/Blueprint/Monster/Animation/Slime/Slime_Run_ANIM.uasset" 1781
"C:/Git/GitProject/ShootingTPS/Content/Blueprint/Monster/Animation/Slime/Slime_Run_ANIM.uexp" 1782
"C:/Git/GitProject/ShootingTPS/Content/Blueprint/Monster/Animation/Slime/Slime_Walk_ANIM.uasset" 1783
"C:/Git/GitProject/ShootingTPS/Content/Blueprint/Monster/Animation/Slime/Slime_Walk_ANIM.uexp" 1784
"C:/Git/GitProject/ShootingTPS/Content/Blueprint/Monster/Animation/Slime/Slime_IdleNormal_ANIM.uasset" 1785
"C:/Git/GitProject/ShootingTPS/Content/Blueprint/Monster/Animation/Slime/Slime_IdleNormal_ANIM.uexp" 1786
"C:/Git/GitProject/ShootingTPS/Content/Blueprint/Monster/Animation/BS_SlimetMon_IdleWalkRun.uasset" 1787
"C:/Git/GitProject/ShootingTPS/Content/Blueprint/Monster/Animation/BS_SlimetMon_IdleWalkRun.uexp" 1788
"C:/Git/GitProject/ShootingTPS/Content/Blueprint/Monster/Animation/ABP_SlimeAnim.uasset" 1789
"C:/Git/GitProject/ShootingTPS/Content/Blueprint/Monster/Animation/ABP_SlimeAnim.uexp" 1790
"C:/Git/GitProject/ShootingTPS/Content/Blueprint/Monster/Animation/Slime/Slime_Attack01_ANIM.uasset" 1791
"C:/Git/GitProject/ShootingTPS/Content/Blueprint/Monster/Animation/Slime/Slime_Attack01_ANIM.uexp" 1792
"C:/Git/GitProject/ShootingTPS/Content/Blueprint/Monster/Animation/AM_SlimeAttack.uasset" 1793
"C:/Git/GitProject/ShootingTPS/Content/Blueprint/Monster/Animation/AM_SlimeAttack.uexp" 1794
"C:/Git/GitProject/ShootingTPS/Content/Blueprint/Monster/BP_Pooling_Slime.uasset" 1795
"C:/Git/GitProject/ShootingTPS/Content/Blueprint/Monster/BP_Pooling_Slime.uexp" 1796
"C:/Git/GitProject/ShootingTPS/Content/Blueprint/EnemySpawner/BP_EnemyPool.uasset" 1797
"C:/Git/GitProject/ShootingTPS/Content/Blueprint/EnemySpawner/BP_EnemyPool.uexp" 1798
"C:/Git/GitProject/ShootingTPS/Content/Blueprint/EnemySpawner/E_EnemyType.uasset" 1799
"C:/Git/GitProject/ShootingTPS/Content/Blueprint/EnemySpawner/E_EnemyType.uexp" 1800
"C:/Git/GitProject/ShootingTPS/Content/Blueprint/Character/Michelle/character__1__PhysicsAsset.uasset" 1801
"C:/Git/GitProject/ShootingTPS/Content/Blueprint/Character/Michelle/character__1__PhysicsAsset.uexp" 1802
"C:/Git/GitProject/ShootingTPS/Content/Blueprint/Character/Michelle/character__1__Skeleton.uasset" 1803
"C:/Git/GitProject/ShootingTPS/Content/Blueprint/Character/Michelle/character__1__Skeleton.uexp" 1804
"C:/Git/GitProject/ShootingTPS/Content/Blueprint/Character/Michelle/Texture/Ch03_1001_Specular.ubulk" 1805
"C:/Git/GitProject/ShootingTPS/Content/Blueprint/Character/Michelle/Texture/Ch03_1001_Specular.uasset" 1806
"C:/Git/GitProject/ShootingTPS/Content/Blueprint/Character/Michelle/Texture/Ch03_1001_Specular.uexp" 1807
"../../../Engine/Plugins/Interchange/Assets/Content/Functions/MF_PhongToMetalRoughness.uasset" 1808
"../../../Engine/Plugins/Interchange/Assets/Content/Functions/MF_PhongToMetalRoughness.uexp" 1809
"C:/Git/GitProject/ShootingTPS/Content/Blueprint/Character/Michelle/Texture/Ch03_1001_Diffuse.ubulk" 1810
"C:/Git/GitProject/ShootingTPS/Content/Blueprint/Character/Michelle/Texture/Ch03_1001_Diffuse.uasset" 1811
"C:/Git/GitProject/ShootingTPS/Content/Blueprint/Character/Michelle/Texture/Ch03_1001_Diffuse.uexp" 1812
"C:/Git/GitProject/ShootingTPS/Content/Blueprint/Character/Michelle/Texture/Ch03_1001_Normal.ubulk" 1813
"C:/Git/GitProject/ShootingTPS/Content/Blueprint/Character/Michelle/Texture/Ch03_1001_Normal.uasset" 1814
"C:/Git/GitProject/ShootingTPS/Content/Blueprint/Character/Michelle/Texture/Ch03_1001_Normal.uexp" 1815
"C:/Git/GitProject/ShootingTPS/Content/Blueprint/Character/Michelle/Texture/Ch03_1001_Glossiness.ubulk" 1816
"C:/Git/GitProject/ShootingTPS/Content/Blueprint/Character/Michelle/Texture/Ch03_1001_Glossiness.uasset" 1817
"C:/Git/GitProject/ShootingTPS/Content/Blueprint/Character/Michelle/Texture/Ch03_1001_Glossiness.uexp" 1818
"C:/Git/GitProject/ShootingTPS/Content/Blueprint/Character/Michelle/Ch03_Body.uasset" 1819
"C:/Git/GitProject/ShootingTPS/Content/Blueprint/Character/Michelle/Ch03_Body.uexp" 1820
"C:/Git/GitProject/ShootingTPS/Content/Blueprint/Character/Michelle/character__1_.uasset" 1821
"C:/Git/GitProject/ShootingTPS/Content/Blueprint/Character/Michelle/character__1_.uexp" 1822
"C:/Git/GitProject/ShootingTPS/Content/Input/IA_PlayerJump.uasset" 1823
"C:/Git/GitProject/ShootingTPS/Content/Input/IA_PlayerJump.uexp" 1824
"C:/Git/GitProject/ShootingTPS/Content/Input/IA_PlayerLook.uasset" 1825
"C:/Git/GitProject/ShootingTPS/Content/Input/IA_PlayerLook.uexp" 1826
"C:/Git/GitProject/ShootingTPS/Content/Input/IA_PlayerAttack.uasset" 1827
"C:/Git/GitProject/ShootingTPS/Content/Input/IA_PlayerAttack.uexp" 1828
"C:/Git/GitProject/ShootingTPS/Content/Input/IA_PlayerMove.uasset" 1829
"C:/Git/GitProject/ShootingTPS/Content/Input/IA_PlayerMove.uexp" 1830
"C:/Git/GitProject/ShootingTPS/Content/Input/IMC_Player.uasset" 1831
"C:/Git/GitProject/ShootingTPS/Content/Input/IMC_Player.uexp" 1832
"C:/Git/GitProject/ShootingTPS/Content/Blueprint/Character/Animation/AnimationSequence/Shooting.uasset" 1833
"C:/Git/GitProject/ShootingTPS/Content/Blueprint/Character/Animation/AnimationSequence/Shooting.uexp" 1834
"C:/Git/GitProject/ShootingTPS/Content/Blueprint/Character/Animation/AM_Attack.uasset" 1835
"C:/Git/GitProject/ShootingTPS/Content/Blueprint/Character/Animation/AM_Attack.uexp" 1836
"../../../Engine/Plugins/FX/Niagara/Content/VectorFields/Assets/TilingCurl32.uasset" 1837
"../../../Engine/Plugins/FX/Niagara/Content/VectorFields/Assets/TilingCurl32.uexp" 1838
"C:/Git/GitProject/ShootingTPS/Content/MixedVFX/Textures/T_Galaxy.uasset" 1839
"C:/Git/GitProject/ShootingTPS/Content/MixedVFX/Textures/T_Galaxy.uexp" 1840
"C:/Git/GitProject/ShootingTPS/Content/MixedVFX/Textures/T_Mask_01.ubulk" 1841
"C:/Git/GitProject/ShootingTPS/Content/MixedVFX/Textures/T_Mask_01.uasset" 1842
"C:/Git/GitProject/ShootingTPS/Content/MixedVFX/Textures/T_Mask_01.uexp" 1843
"C:/Git/GitProject/ShootingTPS/Content/MixedVFX/Textures/T_Trail_01.ubulk" 1844
"C:/Git/GitProject/ShootingTPS/Content/MixedVFX/Textures/T_Trail_01.uasset" 1845
"C:/Git/GitProject/ShootingTPS/Content/MixedVFX/Textures/T_Trail_01.uexp" 1846
"../../../Engine/Content/Functions/Engine_MaterialFunctions01/Reflections/ViewAlignedReflection.uasset" 1847
"../../../Engine/Content/Functions/Engine_MaterialFunctions01/Reflections/ViewAlignedReflection.uexp" 1848
"C:/Git/GitProject/ShootingTPS/Content/MixedVFX/Materials/M_TrailMaster.uasset" 1849
"C:/Git/GitProject/ShootingTPS/Content/MixedVFX/Materials/M_TrailMaster.uexp" 1850
"C:/Git/GitProject/ShootingTPS/Content/MixedVFX/Materials/MaterialInstances/MI_Trail_01.uasset" 1851
"C:/Git/GitProject/ShootingTPS/Content/MixedVFX/Materials/MaterialInstances/MI_Trail_01.uexp" 1852
"C:/Git/GitProject/ShootingTPS/Content/MixedVFX/Particles/Projectiles/NS_Projectile_01.uasset" 1853
"C:/Git/GitProject/ShootingTPS/Content/MixedVFX/Particles/Projectiles/NS_Projectile_01.uexp" 1854
"C:/Git/GitProject/ShootingTPS/Content/Blueprint/ObjectPool/BPI_PoolObject.uasset" 1855
"C:/Git/GitProject/ShootingTPS/Content/Blueprint/ObjectPool/BPI_PoolObject.uexp" 1856
"C:/Git/GitProject/ShootingTPS/Content/Blueprint/ObjectPool/BP_PoolingObject.uasset" 1857
"C:/Git/GitProject/ShootingTPS/Content/Blueprint/ObjectPool/BP_PoolingObject.uexp" 1858
"C:/Git/GitProject/ShootingTPS/Content/Effect/VFX_HitEffect.uasset" 1859
"C:/Git/GitProject/ShootingTPS/Content/Effect/VFX_HitEffect.uexp" 1860
"C:/Git/GitProject/ShootingTPS/Content/Blueprint/ObjectPool/BP_LaserBase.uasset" 1861
"C:/Git/GitProject/ShootingTPS/Content/Blueprint/ObjectPool/BP_LaserBase.uexp" 1862
"C:/Git/GitProject/ShootingTPS/Content/Blueprint/ObjectPool/AC_PoolingObject.uasset" 1863
"C:/Git/GitProject/ShootingTPS/Content/Blueprint/ObjectPool/AC_PoolingObject.uexp" 1864
"../../../Engine/Plugins/Interchange/Assets/Content/gltf/MaterialInstances/MI_Default_Blend_DS.uasset" 1865
"../../../Engine/Plugins/Interchange/Assets/Content/gltf/MaterialInstances/MI_Default_Blend_DS.uexp" 1866
"C:/Git/GitProject/ShootingTPS/Content/Fab/Ray_Gun_3D_Realistic/BOMBILLA.uasset" 1867
"C:/Git/GitProject/ShootingTPS/Content/Fab/Ray_Gun_3D_Realistic/BOMBILLA.uexp" 1868
"../../../Engine/Plugins/Interchange/Assets/Content/gltf/MaterialInstances/MI_Default_Opaque_DS.uasset" 1869
"../../../Engine/Plugins/Interchange/Assets/Content/gltf/MaterialInstances/MI_Default_Opaque_DS.uexp" 1870
"C:/Git/GitProject/ShootingTPS/Content/Fab/Ray_Gun_3D_Realistic/Material.uasset" 1871
"C:/Git/GitProject/ShootingTPS/Content/Fab/Ray_Gun_3D_Realistic/Material.uexp" 1872
"C:/Git/GitProject/ShootingTPS/Content/Fab/Ray_Gun_3D_Realistic/ray_gun_3d_realistic_texture_0.ubulk" 1873
"C:/Git/GitProject/ShootingTPS/Content/Fab/Ray_Gun_3D_Realistic/ray_gun_3d_realistic_texture_0.uasset" 1874
"C:/Git/GitProject/ShootingTPS/Content/Fab/Ray_Gun_3D_Realistic/ray_gun_3d_realistic_texture_0.uexp" 1875
"C:/Git/GitProject/ShootingTPS/Content/Fab/Ray_Gun_3D_Realistic/ray_gun_3d_realistic_texture_1.ubulk" 1876
"C:/Git/GitProject/ShootingTPS/Content/Fab/Ray_Gun_3D_Realistic/ray_gun_3d_realistic_texture_1.uasset" 1877
"C:/Git/GitProject/ShootingTPS/Content/Fab/Ray_Gun_3D_Realistic/ray_gun_3d_realistic_texture_1.uexp" 1878
"C:/Git/GitProject/ShootingTPS/Content/Fab/Ray_Gun_3D_Realistic/ray_gun_3d_realistic_texture_2.ubulk" 1879
"C:/Git/GitProject/ShootingTPS/Content/Fab/Ray_Gun_3D_Realistic/ray_gun_3d_realistic_texture_2.uasset" 1880
"C:/Git/GitProject/ShootingTPS/Content/Fab/Ray_Gun_3D_Realistic/ray_gun_3d_realistic_texture_2.uexp" 1881
"C:/Git/GitProject/ShootingTPS/Content/Fab/Ray_Gun_3D_Realistic/SPACEGUN_BODY_MTL.uasset" 1882
"C:/Git/GitProject/ShootingTPS/Content/Fab/Ray_Gun_3D_Realistic/SPACEGUN_BODY_MTL.uexp" 1883
"C:/Git/GitProject/ShootingTPS/Content/Fab/Ray_Gun_3D_Realistic/ray_gun_3d_realistic.ubulk" 1884
"C:/Git/GitProject/ShootingTPS/Content/Fab/Ray_Gun_3D_Realistic/ray_gun_3d_realistic.uasset" 1885
"C:/Git/GitProject/ShootingTPS/Content/Fab/Ray_Gun_3D_Realistic/ray_gun_3d_realistic.uexp" 1886
"C:/Git/GitProject/ShootingTPS/Content/Blueprint/Character/BP_Weapon.uasset" 1887
"C:/Git/GitProject/ShootingTPS/Content/Blueprint/Character/BP_Weapon.uexp" 1888
"C:/Git/GitProject/ShootingTPS/Content/Blueprint/Interface/BPI_Die.uasset" 1889
"C:/Git/GitProject/ShootingTPS/Content/Blueprint/Interface/BPI_Die.uexp" 1890
"C:/Git/GitProject/ShootingTPS/Content/Blueprint/Character/Animation/AnimationSequence/Pistol_Walk.uasset" 1891
"C:/Git/GitProject/ShootingTPS/Content/Blueprint/Character/Animation/AnimationSequence/Pistol_Walk.uexp" 1892
"C:/Git/GitProject/ShootingTPS/Content/Blueprint/Character/Animation/AnimationSequence/Pistol_Run.uasset" 1893
"C:/Git/GitProject/ShootingTPS/Content/Blueprint/Character/Animation/AnimationSequence/Pistol_Run.uexp" 1894
"C:/Git/GitProject/ShootingTPS/Content/Blueprint/Character/Animation/AnimationSequence/Pistol_Idle.uasset" 1895
"C:/Git/GitProject/ShootingTPS/Content/Blueprint/Character/Animation/AnimationSequence/Pistol_Idle.uexp" 1896
"C:/Git/GitProject/ShootingTPS/Content/Blueprint/Character/Animation/BS_Pistol_IdleWalkRun.uasset" 1897
"C:/Git/GitProject/ShootingTPS/Content/Blueprint/Character/Animation/BS_Pistol_IdleWalkRun.uexp" 1898
"C:/Git/GitProject/ShootingTPS/Content/Blueprint/Character/Animation/AnimationSequence/A_Land.uasset" 1899
"C:/Git/GitProject/ShootingTPS/Content/Blueprint/Character/Animation/AnimationSequence/A_Land.uexp" 1900
"C:/Git/GitProject/ShootingTPS/Content/Blueprint/Character/Animation/AnimationSequence/A_Dying.uasset" 1901
"C:/Git/GitProject/ShootingTPS/Content/Blueprint/Character/Animation/AnimationSequence/A_Dying.uexp" 1902
"C:/Git/GitProject/ShootingTPS/Content/Blueprint/Character/Animation/AnimationSequence/A_Fall.uasset" 1903
"C:/Git/GitProject/ShootingTPS/Content/Blueprint/Character/Animation/AnimationSequence/A_Fall.uexp" 1904
"C:/Git/GitProject/ShootingTPS/Content/Blueprint/Character/Animation/AnimationSequence/A_IdleJump.uasset" 1905
"C:/Git/GitProject/ShootingTPS/Content/Blueprint/Character/Animation/AnimationSequence/A_IdleJump.uexp" 1906
"C:/Git/GitProject/ShootingTPS/Content/Blueprint/Character/Animation/ABP_Player.uasset" 1907
"C:/Git/GitProject/ShootingTPS/Content/Blueprint/Character/Animation/ABP_Player.uexp" 1908
"C:/Git/GitProject/ShootingTPS/Content/Blueprint/Interface/BPI_Health.uasset" 1909
"C:/Git/GitProject/ShootingTPS/Content/Blueprint/Interface/BPI_Health.uexp" 1910
"C:/Git/GitProject/ShootingTPS/Content/Blueprint/Interface/BPI_Respawner.uasset" 1911
"C:/Git/GitProject/ShootingTPS/Content/Blueprint/Interface/BPI_Respawner.uexp" 1912
"C:/Git/GitProject/ShootingTPS/Content/Blueprint/Character/BP_Player.uasset" 1913
"C:/Git/GitProject/ShootingTPS/Content/Blueprint/Character/BP_Player.uexp" 1914
"C:/Git/GitProject/ShootingTPS/Content/Blueprint/Interface/BPI_GameOver.uasset" 1915
"C:/Git/GitProject/ShootingTPS/Content/Blueprint/Interface/BPI_GameOver.uexp" 1916
"C:/Git/GitProject/ShootingTPS/Content/Blueprint/FrameWorks/GS_GameBaseState.uasset" 1917
"C:/Git/GitProject/ShootingTPS/Content/Blueprint/FrameWorks/GS_GameBaseState.uexp" 1918
"C:/Git/GitProject/ShootingTPS/Content/Blueprint/EnemySpawner/BPI_GetEnemy.uasset" 1919
"C:/Git/GitProject/ShootingTPS/Content/Blueprint/EnemySpawner/BPI_GetEnemy.uexp" 1920
"C:/Git/GitProject/ShootingTPS/Content/UI/WBP_GameUI.uasset" 1921
"C:/Git/GitProject/ShootingTPS/Content/UI/WBP_GameUI.uexp" 1922
"C:/Git/GitProject/ShootingTPS/Content/Blueprint/FrameWorks/HUD_GameMain.uasset" 1923
"C:/Git/GitProject/ShootingTPS/Content/Blueprint/FrameWorks/HUD_GameMain.uexp" 1924
"C:/Git/GitProject/ShootingTPS/Content/Input/IA_Restart.uasset" 1925
"C:/Git/GitProject/ShootingTPS/Content/Input/IA_Restart.uexp" 1926
"C:/Git/GitProject/ShootingTPS/Content/Input/IA_Exit.uasset" 1927
"C:/Git/GitProject/ShootingTPS/Content/Input/IA_Exit.uexp" 1928
"C:/Git/GitProject/ShootingTPS/Content/Input/IMC_Menu.uasset" 1929
"C:/Git/GitProject/ShootingTPS/Content/Input/IMC_Menu.uexp" 1930
"C:/Git/GitProject/ShootingTPS/Content/Blueprint/FrameWorks/PC_PlayerController.uasset" 1931
"C:/Git/GitProject/ShootingTPS/Content/Blueprint/FrameWorks/PC_PlayerController.uexp" 1932
"C:/Git/GitProject/ShootingTPS/Content/Blueprint/FrameWorks/GM_GameMode.uasset" 1933
"C:/Git/GitProject/ShootingTPS/Content/Blueprint/FrameWorks/GM_GameMode.uexp" 1934
"C:/Git/GitProject/ShootingTPS/Content/Blueprint/EnemySpawner/AC_EnemySpawner_Base.uasset" 1935
"C:/Git/GitProject/ShootingTPS/Content/Blueprint/EnemySpawner/AC_EnemySpawner_Base.uexp" 1936
"C:/Git/GitProject/ShootingTPS/Content/Blueprint/EnemySpawner/AC_EnemySpawner_Chest.uasset" 1937
"C:/Git/GitProject/ShootingTPS/Content/Blueprint/EnemySpawner/AC_EnemySpawner_Chest.uexp" 1938
"C:/Git/GitProject/ShootingTPS/Content/Blueprint/EnemySpawner/BP_EnemySpawner_Chest.uasset" 1939
"C:/Git/GitProject/ShootingTPS/Content/Blueprint/EnemySpawner/BP_EnemySpawner_Chest.uexp" 1940
"C:/Git/GitProject/ShootingTPS/Content/Blueprint/EnemySpawner/AC_EnemySpawner_Slime.uasset" 1941
"C:/Git/GitProject/ShootingTPS/Content/Blueprint/EnemySpawner/AC_EnemySpawner_Slime.uexp" 1942
"C:/Git/GitProject/ShootingTPS/Content/Blueprint/EnemySpawner/BP_EnemySpawner_Slime.uasset" 1943
"C:/Git/GitProject/ShootingTPS/Content/Blueprint/EnemySpawner/BP_EnemySpawner_Slime.uexp" 1944
"C:/Git/GitProject/ShootingTPS/Content/Maps/GameMap.uexp" 1945
"C:/Git/GitProject/ShootingTPS/Content/Maps/GameMap.umap" 1946
